date,NIFTY50,NIFTY100,UTI Mid Cap Fund - Regular - Growth,HDFC Top 100 Fund - Regular Plan - Growth,Axis Small Cap Fund - Regular - Growth,ABSL Small Cap Fund - Regular - Growth,Axis Bluechip Fund - Regular - Growth
2023-05-29,100.0,100.0,100.0,100.0,100.0,100.0,100.0
2023-05-30,99.47133687530606,99.83868873255155,100.55844488352892,100.77985667932028,97.44052582528082,101.71347668578868,97.93186132480767
2023-05-31,99.13879594259558,99.50405921010989,101.71121022072427,100.09030331835756,97.55665374993868,100.39635871932093,97.52822459786192
2023-06-01,98.73302309681073,98.79336300712393,101.80584079184622,100.6306095660971,98.48273409525677,101.0825649465568,98.19422519732241
2023-06-02,98.82634518072851,99.15331161199681,100.57774453948143,100.37747178844911,98.08554470986412,100.39472761348011,98.22559696273353
2023-06-05,100.53064783915227,98.51915995460836,102.40436358995393,100.32793050829318,102.06908814440574,96.82113782681245,97.16854830652413
2023-06-06,99.0924589356503,98.70507249545007,101.5355677873178,100.51058504120454,101.36790601854122,97.6375063001463,98.04935557997803
2023-06-07,99.40442364499698,98.72393129653932,100.41245232479142,99.88907525733596,100.53637121695198,97.9174040624322,97.84194225197322
2023-06-08,99.80322973798934,99.29152247949513,100.19883314902683,100.12620382906725,100.94876637072645,95.09869005889922,96.84344090318713
2023-06-09,99.41754706304789,99.53153171965512,99.80427969870748,101.5390563187481,99.84279197527836,94.14041537741342,98.79688280547508
2023-06-12,98.11099738382232,98.94840975933168,99.87618648136922,100.89671141705689,97.68725167999216,91.57908987556294,97.93405934658807
2023-06-13,97.99628898900671,98.1002204978854,99.82614745404075,101.99742891084512,96.09689998528474,92.72135329589402,98.74752722549704
2023-06-14,97.0702374245049,98.98501802026964,101.51720198568557,103.40728969130014,97.33580222690931,94.85320862985478,98.13048256569088
2023-06-15,97.56001634756645,98.69117310225974,102.14576376442903,102.71862671998795,96.95418649139157,96.21469267519299,98.29873114197223
2023-06-16,96.50807718027973,99.87457918445148,101.17058639047407,101.46125407108408,99.67503801442096,97.81056662985804,97.57018683185133
2023-06-19,96.51447687179838,97.79985004316643,100.3695728472518,101.7843052440923,99.07134448423015,97.10087247851426,96.55929663303027
2023-06-20,95.95280268009361,97.99170082241339,99.97175090681148,101.34637599837164,100.27358120370823,98.02636193259944,97.05505045459087
2023-06-21,96.88067694154692,98.72771610783059,99.58023248303304,103.08350839877845,101.17182518271449,98.09796747901174,97.45289239684284
2023-06-22,98.18090793800725,98.8453062793282,99.03540630834158,103.16836253247472,100.53539019963702,98.47051205305661,98.49235687880908
2023-06-23,97.9392588266125,99.06423803591787,97.80396374466245,102.49391017998515,99.24020208956688,100.05382649274728,98.51333799580377
2023-06-26,97.1461021220648,99.57688419978322,98.21073512233882,101.5145706033583,96.65448570167263,102.01245838641222,100.51333799580378
2023-06-27,98.53272895402712,100.30128402985825,97.74256282310387,102.54792121618677,97.58522587923677,101.47664011770058,100.80347687081625
2023-06-28,98.46966363950457,100.84623160043355,96.70061486524872,102.0853103693532,99.53107372345121,99.33858658154469,101.36077530222798
2023-06-29,98.77032762775183,101.9146577258113,97.32979921353902,102.1774656981839,97.15468190513562,99.13225169268009,100.20541512638623
2023-06-30,98.71925160873259,101.56919581243258,98.3888678339327,103.09556427464675,96.673860793643,98.8768205180066,99.71565590968129
2023-07-03,98.60012823685665,103.017538685013,98.16622139973869,102.70918858969225,95.7474125668318,99.40774546919575,100.22539714257168
2023-07-04,98.24972487402127,102.1978660189854,100.34949497936572,102.72056776942611,96.66674841810958,100.8083760547138,100.20261764412028
2023-07-05,96.78763838826605,103.05186300810276,103.11557147604236,102.75855179191807,96.25165546671897,97.89962500876719,100.42042162054152
2023-07-06,98.24555292322113,103.43452048072324,103.80070926235628,103.43302195220068,98.36390837298279,96.95537783751249,99.75142371865321
2023-07-07,98.4518417137564,105.400534180435,103.28950184319497,104.02696527248861,97.85574140383578,95.57807206551826,99.9102807473274
2023-07-10,98.43300717859069,105.70893104530614,103.69245998239684,103.87878662684606,96.05263157894736,97.56475897964543,100.06634029373565
2023-07-11,99.23126743460266,106.35600326537858,102.25292354768145,103.99074422150471,95.42931770245745,97.33004284915043,99.08102707563192
2023-07-12,98.82468450128378,104.9760480175093,101.2596916568677,103.70382506051534,94.97473880413989,96.63144021752427,99.695474073334
2023-07-13,99.17152347896953,105.76341927682698,99.30770266389727,102.41402442053887,95.8485799774366,97.53915061794444,98.26256369267658
2023-07-14,98.59542972915938,106.05830828071032,98.63003571214564,102.69991072953364,95.36959827340952,96.71691016358359,98.47317414327105
2023-07-17,98.36406872944656,106.75066772554376,97.25135545063529,104.48198999949958,96.11676558591259,96.7782397431987,100.07013687681088
2023-07-18,98.8830513081091,105.97132287637827,98.04653240435583,103.72435744585673,95.01054593613578,99.66986417781662,100.72454790688381
2023-07-19,99.15309398757083,105.58957897889707,97.23688070867092,103.07278810738596,94.65321037916318,102.60308181137565,101.37756019582376
2023-07-20,98.93578800657306,105.79696053551164,97.6252084635217,102.33707694693936,93.57188404375336,102.03594631052013,100.63023279048855
2023-07-21,99.57717481162427,105.78567135700494,98.569490823714,103.04629011138596,92.41317996762642,101.83222119100085,102.26536117494254
2023-07-24,98.99253463833034,106.0726644614703,100.02863819915532,103.508046184155,94.369696375141,100.93234009861665,103.56798881007091
2023-07-25,98.3009224061706,106.2670602000338,99.67361791506129,103.41676343718184,93.39431990974639,98.00254778732337,102.85343191127984
2023-07-26,97.98385414535969,105.88642564379313,100.11237380320735,102.63580267469487,92.9656153431108,99.70199696288093,102.47637126586073
2023-07-27,97.84573422081124,105.72968225204103,100.59144106951223,102.77245967825948,94.59018001667728,103.66770459368337,103.6700969127785
2023-07-28,97.62620049909494,105.13507534710962,102.20366273228653,101.41637843269694,95.7975670770589,103.0361404121152,105.37975821760415
2023-07-31,97.33181468923625,107.58717627628079,103.23627214693887,101.5971453395492,98.39174473929465,101.8082439351407,104.26476171445698
2023-08-01,98.10147885529771,107.93825015122933,104.93012824154455,102.43386230195284,99.229288271938,101.46016594870824,103.39914077330401
2023-08-02,99.36424330331015,109.55397304039765,102.92957882391944,101.36204685622113,98.38132143032323,101.68493233357418,103.32141073034269
2023-08-03,99.30534993958771,108.67628835302632,102.18342922201376,100.05290695303498,101.70954529847451,99.96982454194469,101.4141272854431
2023-08-04,99.83539021308948,108.64933788641781,103.5229654232656,101.50867622387175,102.73581203708244,99.33728169687203,101.48366470176842
2023-08-07,99.28343707179279,108.30465903744417,104.31534081402528,101.01458119899513,102.57541570608721,101.02596557388013,102.60325706863821
2023-08-08,99.25370685929468,108.70819822753373,104.22965968013933,102.0842953251516,102.75788492666895,101.3172810770518,101.3619742231991
2023-08-09,99.67859777088213,108.94194295245299,103.70989192970879,101.99835491608165,103.13839701770735,103.45500839203953,101.52802477770007
2023-08-10,99.04150442976116,107.98379839745871,104.76413563611433,101.90532700539343,102.84421445038505,104.14186706161175,101.06064541912278
2023-08-11,99.69909298549256,108.45709557496829,102.38016119881992,102.3528902671329,100.72779222053268,102.46052316088739,102.5858727145569
2023-08-14,99.15443063200195,108.74676414948439,103.42522200440938,101.61042995313521,103.43184382204345,101.62392897512727,102.12428814067339
2023-08-15,100.03483376396238,109.06129501886205,103.6074014180578,101.78172311410574,103.48653553735222,102.11146651095042,103.5550004995504
2023-08-16,100.78120791342108,110.14779688092395,103.07253635611602,101.49222182312978,103.87673517437584,100.40973378721571,103.06384254171246
2023-08-17,101.75460909428568,111.05889231624577,103.7642111226719,100.36888843221791,107.42630107421395,98.53477762318518,103.82076131481665
2023-08-18,102.66020594855377,112.60048510839896,103.35557203635494,100.72000468701113,106.36937754451365,96.78655838298691,104.10550504545908
2023-08-21,104.34761828189345,112.96722027144928,103.46125321693359,100.53824054375026,107.56695443174571,97.6611573348383,104.03217104605855
2023-08-22,104.83205062723053,113.87009353051765,103.47378242906404,100.45092893461852,106.32596752832686,97.18422198698052,103.36277350384653
2023-08-23,103.64673054746932,113.74689139745023,104.47043845238551,99.43583130962604,106.95811056065139,99.09734602768638,103.71125986612049
2023-08-24,103.80558871288838,113.98011407943274,104.74024452975377,100.89327451300582,107.39184284102615,97.79360312911344,103.36237386352283
2023-08-25,103.46652657552913,114.57831002955416,102.443196365439,101.7288517766568,108.83222151370973,94.16341396976907,102.7884903586772
2023-08-28,102.365293581798,114.1698114315657,100.81844549053423,102.65049410392876,111.01976749889634,94.05184633025652,104.18603257068636
2023-08-29,103.4921658459805,114.28192015222771,99.58575778776138,102.42716657178079,110.1071761416589,96.60844162516861,104.74433010290738
2023-08-30,103.28215065278879,113.14282246429063,100.19898879141354,100.92906817695746,112.68970422327953,96.74545451579807,105.39494454990508
2023-08-31,102.07759099409486,114.34639245491343,100.93712281040345,102.73541946879708,115.46144601952224,94.76007248634356,105.08562293935458
2023-09-01,101.58837913230714,115.59022500703126,103.04490983247432,102.73305103232666,115.10815715897384,92.44749062521917,104.96772904386053
2023-09-04,103.5396369754734,114.50183073932374,101.87004327636564,102.10952896784784,115.19681659881297,94.29031400418542,104.79188730142872
2023-09-05,104.75545685089003,115.64764973007118,103.54872423826671,102.53844747030504,114.40329621817824,93.1803464795027,105.1581576581077
2023-09-06,105.43329759497162,116.62354374491414,101.24296010029596,103.65278792574648,113.95374503359986,95.55393169907401,105.80957138575282
2023-09-07,106.02980555063877,116.98518898933142,101.3327657574298,103.68518030123306,111.91200274684847,96.62752556350628,105.83594764711759
2023-09-08,105.29841802055921,117.35029276820445,101.6992257569473,104.91505771772832,113.38966007750035,95.54691794395846,105.1529623338995
2023-09-11,104.50757006548343,117.95801600192111,102.06257290873053,105.97658025909982,109.88276843086282,97.40442127549214,105.91527625137375
2023-09-12,105.03623319017737,116.7510527322096,101.75362277110374,105.02949059561548,108.77802030705841,96.08126821741335,106.0011989209711
2023-09-13,106.46218977191582,119.03159730129904,101.96607462896803,104.46110145829796,108.79396183842644,93.99801983750923,104.71675492057149
2023-09-14,105.62998684822888,116.99119248310375,100.53751098251593,105.40133512147318,111.140800510129,92.80470280436026,102.81626536117494
2023-09-15,105.59677325933454,115.65371847921062,101.65253304093318,102.96284279333751,110.28682493746014,94.0171037758469,103.13997402337895
2023-09-18,105.84992561371219,116.71894709160094,102.02568566307937,102.88028586493962,111.12939618384266,95.80071801279114,102.44100309721249
2023-09-19,105.48360403083356,117.65542686472105,102.53813822133438,101.64264425069169,111.08475989601216,95.2883876681874,102.8842042162054
2023-09-20,105.3819785496922,119.36570478080397,102.26529711742518,101.26859155850063,112.84899690979546,92.6063603341157,102.23558797082626
2023-09-21,104.54783141592365,119.52473211040424,101.93331190656478,101.05416792285804,113.61762397606319,90.44237221509066,102.4086322309921
2023-09-22,104.86242890975586,118.68117598002141,102.6447532562333,100.78738937576381,115.21337126600284,89.01205550326954,102.12009191727445
2023-09-25,105.06049531182093,118.80118060010143,104.68740393946445,100.3494601300432,114.31831559327021,87.2927068364539,103.76361274852633
2023-09-26,105.64234068312253,119.69015446597946,103.02514324936168,99.43444230177121,112.6055819885221,87.73489962990209,104.69097811969228
2023-09-27,105.5160885409473,119.06768351930023,101.32809648582838,101.51709930996581,113.35740913327122,90.53306169984063,105.99700269757217
2023-09-28,106.1843702521276,118.08846148073565,101.72008183676695,103.25611933643175,112.588291558346,91.75492308520407,106.07413328004796
2023-09-29,106.53003460288902,118.17538162970058,101.38482813578553,102.2560514887404,112.7404718693285,90.2177689408088,106.9013887501249
2023-10-02,107.6644811855145,117.5344434141347,101.60405043747186,103.74633226243202,113.40413008289596,89.31446252615885,107.0430612448796
2023-10-03,107.482292499116,117.42298724714362,101.64366142489047,103.43482053929476,115.7449600235444,88.69235875846748,108.49535418123688
2023-10-04,108.36694859062996,116.88613134208757,102.47230149175446,103.60616712364433,117.28993966743514,89.31560430024743,108.48196623039263
2023-10-05,108.21967467694722,117.50103266618422,102.19082223538265,103.60180421435668,116.14018737430713,91.63324258947839,107.20831251873312
2023-10-06,108.84157887680554,117.12477021953865,100.79167500001947,103.05391184679455,114.16429587482217,91.04066183750597,105.38954940553499
2023-10-09,110.08465819774156,116.68455751314406,99.91066127002631,104.0056137286687,117.37798597145239,93.35536413622343,107.00689379558396
2023-10-10,111.20189042026938,117.41626594433325,99.78630300304204,104.17487680123598,114.58858586354049,96.58462747989253,107.51483664701769
2023-10-11,111.06927909095216,116.4089840979196,98.36497672757214,103.7914928255073,113.87428263108843,96.13770447950596,108.0879208712159
2023-10-12,110.64487423188514,115.6035371019178,98.38793397961241,102.65711860292876,115.13783293275127,95.6540815977008,109.5737835947647
2023-10-13,111.58141642995234,115.97993005929756,98.5259887766275,101.90383115078052,118.25121400892726,95.19541463526025,108.04495953641722
2023-10-16,111.22076545981176,115.20665395927152,98.17112413492018,100.49117454682283,118.00142247510668,95.37238961898997,107.75941652512738
2023-10-17,112.1794230475574,116.49603475761874,98.48373186863472,100.55385797822069,118.15544219355472,94.91877908465602,107.59076830852233
2023-10-18,111.13983771516432,115.55054974384005,96.66435018914441,99.5495874913788,116.6401383234414,96.33376340157336,108.35328204615845
2023-10-19,111.62499913928201,115.49260297786344,95.63228552284559,99.36794800266902,116.97503310933438,94.09458130328619,107.74902587671096
2023-10-20,111.34191405052275,114.7292456936352,94.3969518994986,100.6278137425944,114.97559719429047,93.38717070011955,106.66839844140273
2023-10-23,109.88549817750557,116.16721296284815,95.46061197030032,101.75025674385572,113.7243096090646,93.95463242214323,105.59036866819862
2023-10-24,109.24313926741355,115.22153218296822,98.19851719498178,101.77379864621594,115.20123117673026,95.33405863173054,106.72115096413228
2023-10-25,108.94932051882866,117.10101726591759,97.2342347880968,101.74813761648744,114.51721685387746,98.77373462886632,106.07932860425618
2023-10-26,110.73289024245516,117.23674842946646,97.02629655944722,103.50245453714963,116.2848874282631,96.8733332137189,105.61854331102008
2023-10-27,108.10087534008488,117.11543870204464,96.2892520371643,104.03253911170096,116.10548388679061,95.96741702972363,106.2659606354281
2023-10-30,107.85788958425904,115.18629428473919,96.60971971140789,103.78574090836483,113.72860155981752,92.68351164038683,105.6674992506744
2023-10-31,107.60137536661524,116.82420399871837,95.97345363452212,102.54156383408196,115.94177662235738,91.157122794541,104.14427015685884
2023-11-01,106.80080636113136,117.3669981421797,96.36388256159353,102.95148142139665,113.66397704419484,88.73003730339057,102.75452093116195
2023-11-02,106.51261772090783,116.25654756039548,97.19944871466627,103.76073876697771,112.69019473193703,88.0815096210778,102.7561194924568
2023-11-03,106.43436326512261,115.81653062010217,95.85072961259833,103.23756361611454,112.43439446706233,87.84190017306032,103.26106504146269
2023-11-06,105.90241928591593,114.31252491939333,96.22761765202566,103.55644776555826,114.32935203806348,88.57100448390996,103.1301828354481
2023-11-07,106.26339429107013,113.64072091519348,94.24691263870656,103.2782009997651,113.48432824839358,88.23255002193837,103.5759816165451
2023-11-08,107.70008453263418,113.58838611078666,94.02138682035834,103.16391058422202,111.93787707853045,88.96556898680599,102.1658507343391
2023-11-09,107.70765885107716,115.17604919210594,93.72107483519417,100.97718483367252,112.3230490018149,89.20338421839854,100.8348486362274
2023-11-10,107.15477410911637,117.60642008403588,93.52745570612228,100.8318732427047,112.04296855839505,87.84010595663541,102.91237885902686
2023-11-13,107.10936870283521,118.17727403534623,93.24169628411583,101.75006085813261,111.31836464413595,85.61283093098628,104.09111799380557
2023-11-14,106.85548726967693,116.73571772094327,92.75352393818818,101.23724984280169,111.79612007651936,86.47894813246536,104.85343191127984
2023-11-15,107.87089148917988,119.04060254195757,92.52130549721129,101.33642144207865,109.79276009221563,88.82822987500836,104.29893096213408
2023-11-16,107.51275179039472,117.38122381220548,92.84799886692343,100.71501850496809,106.94891352332367,92.52741481141969,104.13387950844239
2023-11-17,107.99418681185595,118.26608658995681,93.20722149545875,101.08780684385539,110.70915289154853,93.98268744260547,104.18603257068636
2023-11-20,108.30153402225878,118.38615646540389,93.39881727350338,100.94703624010532,110.98776180899594,96.24878278726628,105.45529023878511
2023-11-21,108.44787633527741,119.64447570901588,92.82239569430902,100.16596863086029,111.38985628096336,97.0354651342971,105.88510340693375
2023-11-22,107.49468683838631,118.96320967658787,94.09391617256695,101.4023636995975,110.12262716436945,97.58335358623086,106.43221101009092
2023-11-23,107.00624455975591,120.03274514320617,95.89220830865753,102.28924521491246,111.78802668367096,97.83943720324068,106.3299030872215
2023-11-24,106.8904830511461,121.52559217614251,94.48846962288629,101.79751862650627,110.94962476087701,97.76179656521731,107.13098211609551
2023-11-27,105.90375593034706,121.99249432767722,94.7383534747552,102.29814911141781,106.27936920586649,98.7871096967611,107.47247477270456
2023-11-28,105.1075208931701,122.06368793317328,94.27259363251433,102.83719100585358,105.42649727767694,98.06616091511562,107.56958737136577
2023-11-29,104.74520924358484,123.1466007500452,95.38707094257809,103.47472780343188,105.05199391769264,97.9240915963796,106.92217004695775
2023-11-30,105.08884837551122,124.56694907014365,95.43710996990656,101.99272765349025,104.86253494874185,96.20816825182969,106.87021680487561
2023-12-01,106.35837705443262,124.15185968007904,95.56232427001777,102.95527448130795,104.62561926718006,97.01523942187085,105.91227894894595
2023-12-04,106.6421507175958,123.56704108021124,96.19493275081578,102.49216501627008,103.65882670329131,95.64429496265583,105.92926366270356
2023-12-05,106.8039251981373,122.9747833684951,95.91765583888524,102.22194956512479,102.54488154215922,95.77869808393997,106.06713957438305
2023-12-06,106.91583879096056,120.7896421460924,97.92902240238693,104.68190028383842,102.15394614214941,96.62100114014298,103.89509441502646
2023-12-07,106.66843805807437,121.77441089085974,98.59478271155497,105.01511970665578,99.62770392897434,97.6017850822322,103.73783594764711
2023-12-08,106.63599405233732,121.82589737549438,99.76754809544303,104.71194203064755,96.68747240888801,98.88122450377682,102.72055150364672
2023-12-11,107.18012984893083,121.60063584829695,99.57167215176378,102.74808080962774,96.92144503850491,98.63557996414829,103.2264961534619
2023-12-12,108.0653124973419,121.21739107737264,99.49245017692648,104.06884920164994,97.18153725413254,99.48032967911254,103.86172444799679
2023-12-13,105.97751440031853,121.71059114184494,100.53151875062744,102.89456771493428,98.62289694413106,98.80717229860328,103.52542711559596
2023-12-14,106.65632724944093,121.10939344483735,101.45930301782806,102.04064842448221,98.31252759111197,95.87101867453076,104.08152662603656
2023-12-15,106.45003845890568,122.06094720775546,100.02171211294657,101.795399499138,96.5659488889979,96.75948202602918,104.67958837046658
2023-12-18,106.93293163792814,121.7420442287827,100.24217955372659,103.12815253585643,93.74258105655564,97.30035672284738,104.52153062243981
2023-12-19,107.30010381271748,120.660697540721,100.88031333925294,103.88738779087025,92.51827144749105,98.9520144972687,106.00019982016184
2023-12-20,107.2354588275036,121.31768857659122,100.79113025166598,103.79642558417129,93.2173689115613,98.99899034548453,105.37875911679488
2023-12-21,107.7493378547019,120.51465602917175,101.31759062472521,104.13272575517954,95.44096728307255,96.615129159116,106.8102707563193
2023-12-22,108.05275614056478,120.5022575094245,101.27922477640026,103.6362444860395,95.60565556482071,96.55999778169605,106.65321210910182
2023-12-25,108.07086159694985,121.48650421125511,98.65859609010761,103.81751001109603,93.87771619169078,98.0032002296597,105.91767409331602
2023-12-26,108.02557770379879,121.59267469351185,97.18824246282288,103.93828246329502,92.66665031637808,98.8269086792773,105.64432011189928
2023-12-27,107.20678172879971,121.7584885812896,98.39540481417467,104.88421462023368,91.51616226026388,98.68483936054126,104.67898890998102
2023-12-28,107.27041410459609,121.37981168606167,98.17423698265443,105.83725208658362,91.01228724186981,96.21697622337015,105.4600859226696
2023-12-29,105.58599909513222,121.6050732132591,98.463731821942,106.3541767021,92.71410702898906,94.75746271699825,104.03356978719151
2024-01-01,105.88560996958527,121.0429634811389,98.52591095543414,106.06957255420201,94.56381517633787,95.55572591549893,105.37076631032069
2024-01-02,106.58791535719392,121.62458456801926,97.6232629336878,106.82086553353305,94.38992985726198,93.16370919992627,104.55849735238286
2024-01-03,105.38100644465138,121.34835859912387,97.14458477334968,106.78932793211098,94.74518075244028,92.7789313320752,105.38715156359275
2024-01-04,105.1924180667342,121.21895720618281,97.59361305901882,105.82982623689814,93.64435669789572,92.91627044387283,105.46408232590667
2024-01-05,106.47304494487153,120.28084604888542,98.16458715467819,105.50850241981196,91.23583656251533,94.69694869030356,105.77080627435306
2024-01-08,108.44504102890838,120.84895927477794,100.83774514648674,105.64166909594641,93.92394663265807,95.70122055650069,105.2762513737636
2024-01-09,108.41089583934993,120.3695280927618,100.33042878699328,106.54805014460817,90.62969048903713,97.248324446525,105.65870716355279
2024-01-10,108.51802991572255,119.3533715164238,102.4258422393204,106.4306255574952,88.12380438514741,97.79702845137919,105.83914476970726
2024-01-11,108.50632415085613,118.9042840801049,101.44490609705706,105.35601428826078,90.73171628979252,96.58788969157419,104.54091317813968
2024-01-12,108.69191520489747,119.75704121724753,102.10872087639116,105.46312816322052,90.83472310786284,95.74248753427361,103.71086022579676
2024-01-15,109.8495707953723,120.38447157182559,102.39541415271786,105.62318460680125,89.31623093147594,94.42879489007161,103.27045658906984
2024-01-16,109.90494027832179,118.255449965121,102.31027776718547,105.85103531837395,90.36052386324619,95.39473576900932,102.63802577680087
2024-01-17,108.72926024021527,117.64094017322688,102.37237907948425,106.76829692856526,91.54730956001373,94.44037574154149,103.8319512438805
2024-01-18,109.01036061451622,119.09176274975677,101.68093777650842,107.7876506160873,89.72421150733311,93.93815825315089,103.8918972924368
2024-01-19,108.71909364166345,120.37996895149634,102.85627125977726,107.27959428149028,89.05209201942414,94.05347743609734,103.23428913977419
2024-01-22,107.77785293589899,119.20746051560876,101.89292270721255,106.7532849590572,90.36837200176583,96.60061231713264,102.84144270156858
2024-01-23,106.84507764486493,120.14498437460234,102.3498887546041,105.83303163964007,89.29121498994458,97.69084346114136,102.43780597462285
2024-01-24,106.79967223858372,118.79478557412651,103.3497354468532,106.54222699629365,89.76713101486241,96.59327234084891,102.23059246677988
2024-01-25,107.40039264942773,118.03971572151882,105.14717154981685,107.96799013590727,91.88441163486536,96.90905443163301,101.31781396742932
2024-01-26,107.95526210584686,117.06486579254927,106.44904229348396,107.72393433269481,88.56403590523372,99.54916234559545,100.64501948246578
2024-01-29,109.07844847174964,117.83063752535985,107.25316868444051,107.55029054304686,88.1663560111836,100.60611893045126,101.38015785792787
2024-01-30,108.4560582193709,117.91892803703374,106.50943153952888,109.00678993339706,88.60769117574925,98.19110362252296,101.5983614746728
2024-01-31,108.17957534401378,118.46589852398886,105.58367062335554,109.5503906228436,86.21719723353117,96.87056033378948,101.51443700669398
2024-02-01,108.79580893113405,116.63509394488922,104.2248347661512,110.02942025483307,85.57573453671458,95.4523138051905,101.56898791088021
2024-02-02,109.49199815786095,117.53816297005888,102.76576521190322,108.9360217639723,87.07105017903565,97.72803267431219,101.58057748026775
2024-02-05,109.07780040172241,119.18011851679773,102.83339182893035,109.6465883206877,86.18580467945259,99.76789363885032,101.44589869117793
2024-02-06,108.51754386320216,119.47207102916198,102.0108218151482,108.80791250105287,84.26803845587875,98.87698362859066,101.96203416924767
2024-02-07,108.98897430361838,121.4893754474071,103.5554168608954,107.78072338460612,85.8570412517781,97.9607914777982,102.41422719552402
2024-02-08,109.82887305887839,122.41704574596999,102.90965659842009,107.50705322161673,86.53565997939864,98.1152572009245,101.05644919572386
2024-02-09,109.66766563961068,124.3010987046157,103.0953379657696,107.0082747471783,86.51738853190759,98.31653566168255,100.99130782295933
2024-02-12,110.13350647604227,124.12641008691364,102.83868367007862,106.85445103115134,86.45889537450336,96.9224294995278,99.71046058547307
2024-02-13,110.18851141960144,124.51206930642029,101.19338800012763,105.5595573623738,87.9472212684554,96.62719934233812,100.32270956139473
2024-02-14,109.65429919529954,123.88124567275347,102.59074534804363,106.51088528059472,88.43319272085152,94.52274658650325,101.05624937556199
2024-02-15,110.36907993093195,122.47564506561753,103.5180626880841,107.6309598453856,89.41494579879334,96.52003568859578,100.56529123788589
2024-02-16,110.21625691764126,121.72096674521238,104.59775392471735,105.85288732884707,88.52222004218375,93.96311417251553,100.5137376361275
2024-02-19,108.90861362024475,122.06323114560367,105.41627723644491,106.82535309737176,85.96421739343698,91.45773560100541,98.7101608552303
2024-02-20,108.37488744846324,120.86801384196848,104.53292887065106,106.11920287332302,86.88612841516652,92.16694042059694,99.61214906584075
2024-02-21,106.44781071818716,121.0380693286071,103.6810202669734,106.97944393029388,88.4829793495855,90.46798057679165,100.28913977420322
2024-02-22,108.88305535854677,118.95759771501805,104.31378439015813,106.97004141558419,88.24753519399617,89.83543773171897,101.36377260465581
2024-02-23,110.10009036526442,118.69239990316103,106.32974240406787,107.05240245825898,89.56822975425516,90.00327852274005,102.75452093116195
2024-02-26,108.96864110651477,119.00242815220945,106.89417951948528,106.93294778274279,89.17447392946485,91.04506582327619,101.70366669997001
2024-02-27,108.49522595164021,118.37395371175792,108.22632270736821,108.13796552019501,89.12493255505959,90.80790303401997,102.5560995104406
2024-02-28,108.74712267034015,118.12689689195213,107.61986214753809,107.01741014499282,91.69887673517437,93.46986776624948,103.95643920471575
2024-02-29,110.2334307733622,118.1639619404597,109.11690844414423,107.648162173434,91.35858635404914,93.55077061595449,102.64821660505545
2024-03-01,110.94197383498275,117.84421064171475,108.64375558853445,108.75489870125983,90.9349095011527,95.40501173580653,102.54610850234789
2024-03-04,111.19569325063419,118.17649097094112,109.02998217116459,109.5006178413785,88.37310541031049,95.90804477711754,102.27075631931261
2024-03-05,110.71385318540594,116.60742566924273,108.62647928360923,111.82644026313507,89.41678520625888,99.26828591980504,103.09841142971325
2024-03-06,111.20128285461885,115.53501896647245,109.8627467612765,111.36341983706224,88.50002452543288,101.02498691037563,100.99670296732938
2024-03-07,111.6540002729995,114.62307521137846,111.1312322129935,112.36555338874288,88.78292539363319,101.18238862401543,102.68018783095214
2024-03-08,111.73857341155001,114.47873033937358,109.25784262531353,112.31839835285035,88.42068475008583,102.27865485963518,102.63123189129783
2024-03-11,111.71884778009688,116.24121254912913,111.07971458299126,113.60542097711715,87.87879531073722,101.94835592686773,103.51723448895993
2024-03-12,111.36358389205745,116.84945782578254,114.36158994923724,113.65633345733492,87.79258841418552,101.60305082036467,103.5156359276651
2024-03-13,112.59698266696209,115.27386698737504,113.953106505307,113.32665778532669,87.81269926914209,99.62566120953022,104.01938255569986
2024-03-14,111.10087250477851,115.5261442365481,113.85707515270465,114.69871262121987,89.53242262225928,98.45142811471894,101.96403237086622
2024-03-15,111.43499310818031,115.06054719235519,115.6366902023896,114.26147787942665,91.7818953254525,101.78818133329854,101.67109601358777
2024-03-18,111.50340500042732,114.68741700332995,115.80719643703449,112.90495143903885,92.8082846912248,99.96346322916547,102.486961734439
2024-03-19,109.7725719752648,114.05985613801772,115.87988143162981,112.44946370940956,94.76823465934173,99.02329382251284,102.80127884903587
2024-03-20,109.48519342257528,113.85267034750441,118.62097732523891,113.12339963590186,96.13552754206113,98.96359534873858,101.38015785792787
2024-03-21,108.62702719342339,112.25149940519734,116.79241274493248,114.57982779508002,96.97184480306078,98.9559291512867,101.48746128484363
2024-03-22,107.76363589967714,112.19276957481561,115.77279946957076,114.75135245735967,99.30642075832637,99.64262471027482,100.80927165551003
2024-03-25,107.12561095789206,112.53660010401705,116.43178933491673,116.1530750764088,97.36596850934419,98.99556502321879,100.05914676790889
2024-03-26,108.27500365552001,111.85298487837379,114.27365200074398,114.82931497516078,96.40628832098886,99.7794744903202,98.77710060945148
2024-03-27,108.2740315504792,111.42197317873901,113.84135527164656,114.4403215446337,95.25101780546426,101.67954968429946,99.36876810870217
2024-03-28,108.98860976422809,110.38969852672957,113.39831921786589,114.20833942508253,94.88276843086281,103.81874499454393,100.4008392446798
2024-03-29,107.97223343968435,110.07568970028862,114.7885948371864,114.15188872123841,95.997081473488,103.47262433512047,102.34848636227396
2024-04-01,107.47714844327506,110.2086801384197,115.82260503331916,114.2955263796632,94.40832393191741,104.56481280613818,101.07862923368968
2024-04-02,107.15449057847948,110.09030690251696,113.58913678397695,115.05342605020124,95.24194339530094,102.78413455970743,101.81756419222698
2024-04-03,107.34591426276567,110.73424686496902,112.7267223191961,114.66209979878974,94.44793250600873,101.7111931376115,102.62144070336696
2024-04-04,107.86574743333892,111.65610943586081,111.8749693579051,114.86202789092157,94.01505861578457,99.93557131928733,102.15006494155261
2024-04-05,108.15677137993147,111.17054424933815,111.66064979140029,114.87556181360974,94.3947123166724,99.95090371419111,101.37915875711857
2024-04-08,107.49505137777662,111.0119084519404,110.27776718544871,114.00014851699369,97.01206651297396,98.69364733208172,100.46478169647317
2024-04-09,108.20015156737762,110.06511833081993,110.95037575963214,113.94469504955819,96.01351351351352,96.44223193998835,100.05015486062543
2024-04-10,107.71292442004821,109.68311341187035,110.10656056006358,113.85914641193449,95.9762348555452,95.9414824468545,100.28094714756719
2024-04-11,107.99945238082702,109.78177952691163,110.95986994522167,113.75217499931884,94.44278216510521,93.44654295272565,101.54341093016286
2024-04-12,106.84187779910559,110.51407525640467,111.03099851594985,113.84274543457158,93.4566145092461,95.50353052859246,102.59106803876512
2024-04-15,106.66892411059476,110.47733648473252,109.81940035657674,113.97753261987003,91.95013979496738,94.75142762538718,101.19192726546109
2024-04-16,107.17287956550146,110.80909477102219,111.73473556747604,113.60241146009832,92.38583410997204,96.31712612199692,100.54231191927265
2024-04-17,107.31419933580923,109.65420528424912,113.72361180609761,114.9439793543571,93.08799725315153,95.65718069879836,101.75382156059544
2024-04-18,106.64863141786786,109.92560235597979,114.19653119812732,113.82326370901781,94.18281257664198,93.95593730681591,101.15196323309021
2024-04-19,107.17409469680248,109.19787450218313,113.94688080983848,113.16019053626209,93.15286702310294,95.79500914234823,101.1533619742232
2024-04-22,106.54433264786427,110.66311851484005,112.59131344275512,116.0286698344356,93.98305292588414,96.01276177209861,99.69487461284842
2024-04-23,105.08054497828763,112.37352694165715,114.1209668193778,115.03068549852648,94.23284445970471,98.99507569146654,100.76591068038765
2024-04-24,106.02377039851044,113.85619413732732,115.32789570714952,113.72416334091291,94.22941089910238,98.35617153361464,99.13138175641922
2024-04-25,105.20614905043566,113.05459720798387,114.28688160361466,114.52225520027623,92.48577524893314,97.75478281010177,97.75601958237586
2024-04-26,105.93879221619294,113.71804852519607,113.42773562895478,112.501498080587,92.79025849806249,99.4007317140802,98.71695474073334
2024-04-29,105.7837414621837,111.47424272777874,114.12672558768622,112.32625158956813,93.14219845980281,101.08533782648621,100.4545908682186
2024-04-30,106.39507401972321,112.50906233910473,112.60827846290692,114.53126594353968,93.37298278314611,101.41840963918307,100.24917574183235
2024-05-01,105.7635702825869,112.52968303510542,111.84352959578897,113.03964958537225,94.04522489821944,106.98129610932324,100.25956639024878
2024-05-02,106.5573750571618,110.91546101938019,110.53379891159278,111.13827591002719,95.16260361995388,106.60255333308322,101.11799380557498
2024-05-03,106.13325372873166,111.51594090734977,109.28150026809402,109.73512866753723,93.61284151665276,104.58373363389177,101.42871415725847
2024-05-06,105.9460019952456,111.2532880548093,108.41682898870582,110.66506942635219,93.3754353264335,103.03548796977886,101.14756718952943
2024-05-07,104.14181554387861,110.98750294464845,109.67286304948574,111.82595945272375,94.2192328444597,102.68023311764678,100.76750924168248
2024-05-08,102.81801100017861,111.52057403841323,107.46624311185163,111.37901946373967,93.9037131505371,105.25754345673737,99.43590768308522
2024-05-09,103.50759801350335,112.48909419677496,108.09815120190942,112.10995813565941,95.4166871045274,105.04076949049146,99.69187731042062
2024-05-10,102.99315192503127,112.7889426085572,108.50554514913267,113.5515524032596,95.63569922009124,107.75770248955683,99.66250374662803
2024-05-13,101.40019579815697,110.73816218699449,109.844536602031,115.41515574962884,92.81723647422378,108.59217623772388,99.32960335697871
2024-05-14,100.93135763784957,111.03135455133346,110.25737803278919,115.2241315540024,94.1344974738804,110.55733255475215,98.50674393046258
2024-05-15,101.42551103359474,110.1434247713289,109.83262995944739,112.9672430989905,94.04314023642516,111.33063983388818,97.77779998001797
2024-05-16,100.48443234533708,110.6281416380794,108.83939806863366,112.21025162589599,91.5382351498504,112.09546536265191,98.36327305425118
2024-05-17,101.38901659018767,110.97249421021755,110.21161917109535,111.8463671835141,91.25484377299259,113.53116472374776,99.18233589769207
2024-05-20,100.9808134818008,110.72863490339921,110.94391660058352,111.64882533564572,89.5282532986707,112.62068144339817,98.94754720751324
2024-05-21,100.71085181109245,110.64582584256098,110.36547167036188,111.52151742341178,90.67555304851132,111.73694829883816,98.62184034369066
2024-05-22,100.12139161697118,109.02886310141793,111.64796493688311,112.68554162135322,90.70351204198754,112.45186198887258,97.93266060545508
2024-05-23,98.63876941222884,110.47126773559309,111.12866411361273,114.0180097333835,89.47159954873203,116.04372016095752,98.79608352482767
2024-05-24,98.43499189304902,110.75225734628609,111.20236078372167,113.90425355163075,90.70069161720706,113.36087727396543,98.87401338795084
2024-05-27,98.40335797484597,110.96701275938194,110.47519955299508,115.07244477313672,91.43780350223182,109.89135203994252,99.24647816964732
2024-05-28,98.73946329270609,111.22464094865643,111.25839204293864,115.49554012727941,91.17844704959043,109.53136698087202,99.61214906584075
2024-05-29,98.15364849248786,109.57374541662614,110.01652143934967,115.62090699007517,89.48545641830579,111.42132931863816,99.3935458087721
2024-05-30,96.87865172271191,110.43407217635132,109.69807711613335,116.60913265541437,88.38303821062442,111.60890649033324,98.42801478669197
2024-05-31,98.27803743333487,110.04377982578124,108.91542937454328,116.74367053161068,87.27375288173836,109.66805365033332,97.61734439004896
2024-06-03,98.4538264282147,110.12123794651801,109.33348482525642,118.94303981519785,88.38291558346005,109.90064934323523,98.6440203816565
2024-06-04,98.42061283932036,109.55260267768874,109.91714377543296,117.50431260227239,86.14913915730612,107.03528571265461,98.06534119292635
2024-06-05,99.30028689250017,108.43053664056235,108.5473351299653,117.03201431604096,86.16029822926374,108.19516507606663,97.76161454690777
2024-06-06,98.5383185580118,107.91984813770972,109.15021591490097,116.96181599599251,85.89628194437631,107.76373758116789,96.83824557897891
2024-06-07,97.6513132126492,107.72166758785492,107.3103672615578,117.47658586855461,87.38485309265708,107.71855594937698,95.8547307423319
2024-06-10,98.18499888005398,107.6800999190181,110.23730016490312,118.85893360880802,87.78241035954285,108.54047018256966,95.25586971725447
2024-06-11,99.66652746662541,107.20647646467303,109.63846608202199,118.89467384938061,88.6026634620101,108.98771940412439,96.73473873513836
2024-06-12,98.54548783268775,107.08236075646633,111.0989364177504,117.47329142684761,87.94942855741404,108.15699719939127,97.3479868118693
2024-06-13,98.5396146980662,106.78570985767153,111.44189441687413,118.41046214962499,86.33614558296954,110.02803870940383,96.94674792686583
2024-06-14,98.83173226282966,105.56217172471894,111.84033892686132,119.2629924322222,85.96973561583361,111.51495479390161,97.92746528124688
2024-06-17,99.2074913654795,105.50252831919794,110.36469345842832,117.29843670727496,87.10440476774414,108.53671863913577,97.84653811569586
2024-06-18,98.96466762716047,105.4424933814744,111.55971570361645,117.35502987346315,88.25096875459852,108.23838938084853,99.07343390948145
2024-06-19,98.22959419880115,104.81180025854178,111.70002731523887,115.78046481545161,87.73102957767205,106.50550253555402,101.07683085223297
2024-06-20,96.58284825966871,105.58174833484617,112.40609900256577,115.16317547852654,86.62542306371708,104.49076060096462,102.05015486062543
2024-06-21,98.19119604968915,105.5424646038575,112.3598732137118,114.30884660883527,85.27027027027026,105.46714055728361,102.18803077230491
2024-06-24,99.48940182731447,105.84818599867793,112.6108465622877,115.18698449778194,85.16125472114582,104.86461005968215,102.87321410730344
2024-06-25,98.95004554717161,105.07373530204427,111.49660271580402,115.36524050581967,85.41913964781479,104.72042030335307,102.94015386152462
2024-06-26,98.96223736455843,104.46581630222632,111.36788646199176,114.12348529138625,87.50049050865748,103.71239689372203,101.33899490458586
2024-06-27,98.46597774122483,104.20172783160983,110.88438338766551,115.07205300169048,87.74709373620443,104.40985775125962,100.80767309421519
2024-06-28,98.22076424468045,103.14563497061225,110.02609344613256,113.6847546949801,88.67685289645362,105.62340049683485,100.01678489359578
2024-07-01,98.10062826338701,101.57604762597711,110.27776718544871,114.07504809439698,87.67008387698043,109.391254989145,99.47287441302826
2024-07-02,97.12427026302328,102.69269746763496,110.83317704243669,113.31748677192614,87.8042379948006,109.1752965758195,101.11100009991007
2024-07-03,97.06177200977451,102.1914709930105,111.24142702278684,113.01090780745288,88.07499877372837,106.80627845260251,102.16924767709061
2024-07-04,97.14731725336583,102.05508727579071,111.18025956480832,113.57318887176766,87.95703144160494,106.05466488114948,102.62024178239584
2024-07-05,95.8470052481521,102.28250223010218,111.80407425075703,114.15555712659862,88.00362976406532,107.57273508720706,103.41132980317713
2024-07-08,95.27868833866845,102.09241334576666,112.2043086481914,115.56913973579287,88.25575121400892,106.36457499090656,101.75262263962435
2024-07-09,94.18349049706566,101.14020702917763,112.41115738013399,115.54492113729825,89.0045126796488,104.00142884871654,102.46098511339794
2024-07-10,93.37433456372129,101.99590065783937,112.71092461694465,115.91740674370436,90.73760239368224,102.86699473642145,103.36696972724546
2024-07-11,93.18862199654984,101.58909869939528,114.39536434715414,115.53035436261545,87.63378623632707,102.09564478429441,101.39754221200918
2024-07-12,93.06666331830485,102.1126425095648,112.833337354095,115.7756389035457,89.26227497915339,100.45736207776787,102.13667699070837
2024-07-15,92.95069928781156,103.33435349223885,112.47971785148138,116.28522670834163,86.96534556334919,100.88993134675516,100.91397742032171
2024-07-16,94.55430806575805,102.27780384367162,113.01209263523573,116.24439343896798,87.4655417668122,100.85257902300022,99.22709561394744
2024-07-17,94.79522809837218,103.0034435257214,110.96625128307693,114.46890305241597,90.8505420120665,102.20378710154124,100.44639824158257
2024-07-18,95.09504149470872,103.13519411187772,112.89396006371999,114.8632566286393,90.86893608672193,101.57727934807961,99.60955140373665
2024-07-19,95.1888091267702,102.41634098800543,113.31520618336074,115.29260251812879,91.20652867023102,102.56344593944355,99.03366969727246
2024-07-22,94.07388565371431,102.82138105153804,114.69777750453893,114.6622244533408,90.84122234757443,101.86027621146307,99.95344190228795
2024-07-23,93.98214324048784,102.95789527949199,116.3237735185374,113.42924848086169,91.88110070142737,100.1516928431969,99.73603756619043
2024-07-24,93.98955554142404,102.49223297993201,116.97832757586207,114.97459095054259,92.48736940206994,99.3855624297605,99.62913377959836
2024-07-25,94.56334054176226,104.15193798651954,113.97077191619904,115.5335775731504,91.58789915142003,96.9694053477436,99.50304725746828
2024-07-26,93.71323468357375,104.5283309438993,114.24944960961001,115.35989816791643,91.50291852651198,99.82612411736785,99.86012588670197
2024-07-29,93.28364526428902,103.64575210399619,114.61684346344778,114.26781745373846,89.98381321430323,100.13782844354988,99.71245878709162
2024-07-30,92.46213549605102,103.97516119707055,113.21185963858282,113.50115634903915,89.89392750282043,98.9776228589697,99.8643221101009
2024-07-31,91.9626760269581,103.86944750238345,110.88741841420644,114.87180436928446,89.38011968411242,98.47654714466766,99.47307423319013
2024-08-01,91.74508651532342,102.95874359926418,111.57706982973504,115.07069960942167,89.65075783587581,94.8313518115877,99.83374962533719
2024-08-02,90.855488889852,102.81113595890479,109.99543189594996,114.57238413760153,88.7315446117624,97.08260409309699,100.16205415126387
2024-08-05,91.47824368162102,103.18694161798072,112.81917389690403,115.14793200770934,88.5095894442537,99.23435891831585,101.90528524328104
2024-08-06,90.74782825658228,102.45471114385481,113.25139280480812,114.382855796588,88.59910727424338,99.48946387182117,101.61554600859226
2024-08-07,91.26762092277882,101.33695196095643,115.17591091652355,115.96673433034417,88.78611369990679,100.07845619094378,101.50304725746825
2024-08-08,90.9409531246899,100.24966703448943,115.29661158742006,117.41912012050888,89.24829548241526,98.18604719441639,101.7694075332201
2024-08-09,90.5982455934276,99.21549997683435,116.41692548698559,116.99730692746297,89.08164516603718,96.4397852812271,102.69177740033967
2024-08-12,91.24356132301877,99.69793290573668,116.56976631073847,116.41045110879331,88.06163241281209,93.97812034625113,101.76041562593664
2024-08-13,91.73066695721806,100.07974205858497,118.06089819664949,113.81206260721403,88.25244028057095,93.82186040669993,101.9058847037666
2024-08-14,92.09038632669454,99.3748535832701,115.29318745491236,112.3926034263262,88.08113013194682,95.48607769609562,99.7282445798781
2024-08-15,90.81271626805636,99.24656153156958,116.60392981462215,111.13003090186322,89.5921420513072,94.99446239567038,99.5410130882206
2024-08-16,91.74541055033703,98.23236261624429,117.62035242105624,111.320004437702,91.31027125128757,95.59943955203309,100.53911479668298
2024-08-19,92.87442954648465,97.75913069410177,117.4827645512013,111.05746414534434,89.436405552558,97.16937892382897,99.94884603856529
2024-08-20,92.69365851327065,97.27578419006018,116.98774394025824,109.80422290441898,90.38885073821554,94.79824036301892,100.15645918673192
2024-08-21,91.98390032034912,97.56075437814572,116.64836571602892,109.58880203236781,91.64038357777015,97.67926260967148,99.7418323508842
2024-08-22,91.0945457211379,98.55335376696395,117.1227637107324,110.13509169855892,89.79680678863983,99.5627005240743,99.03986412228994
2024-08-23,90.88797339996574,97.72095630435365,118.9172426083485,110.706080773656,90.6992200912346,100.45948251536092,99.94345089419522
2024-08-26,90.09603182671904,97.10631600172535,118.23910872943675,108.92298645948841,92.06835238141953,102.02110324736861,99.0776301328804
2024-08-27,89.94993253996061,97.37007819550638,115.93334459146598,108.85597573438892,90.78088978270466,103.68385254150756,99.3851533619742
2024-08-28,89.55732361660338,96.27444058205177,119.51327512826879,107.59149777607375,90.5226369745426,104.25376092229249,99.7072634628834
2024-08-29,88.59878754198786,95.60152723661139,120.5591141457918,108.50649779655272,90.86795506940697,106.718524958366,99.0120891197922
2024-08-30,88.12711407531143,96.32024984974952,120.07693403175261,109.31586198889185,91.76803845587874,106.05303377530863,99.19932061144969
2024-09-02,88.20630013176074,97.33647168145461,121.87989543944462,108.50947169798553,90.42956295678619,106.9204558614604,98.43540813268058
2024-09-03,87.56624997114064,96.6431986614819,123.33273929822406,107.83448511170562,92.17283072546229,109.26451806531274,98.94055350184834
2024-09-04,87.33075752500437,96.03704155657543,124.14527037806313,107.45211618017854,89.35154755481435,104.82187508665251,97.85013487860924
2024-09-05,87.98964222079017,96.6114192977087,123.52176697688787,105.39271614965597,91.31358218472555,105.63954844465904,97.6079528424418
2024-09-06,87.4666092044576,97.41908497619158,124.59632201475956,105.75998407270993,92.18877225683033,106.94524867024097,97.44090318713158
2024-09-09,86.82113145735964,97.22220953367862,126.31702642107336,105.56025186630123,91.37011330749986,104.1971615496158,98.45279248676191
2024-09-10,86.92421509606221,96.7071489212309,123.82659259126676,106.52224665253559,92.70343846568892,104.75206375666511,98.6252372864422
2024-09-11,87.7731058229497,97.15258205699273,124.24348072407952,105.5497808840109,91.26588021778585,103.54113078043521,99.51084024378059
2024-09-12,88.10256842303095,97.45197368120535,124.7718866269727,105.02920567092728,91.51101191936037,104.28116350041839,100.0503546807873
2024-09-13,87.63733515224988,97.43729122360992,125.25430020459194,103.69647044200188,91.93566978957179,104.21624548795347,100.58727145568989
2024-09-16,87.1721423858455,98.92818059553353,125.40815270385846,102.83510749407132,92.35873350664639,102.76423506844937,100.34488959936057
2024-09-17,86.84219373324386,99.14384958376864,127.28698977507342,101.82123860679661,91.22504537205081,104.6672462529421,101.30462583674691
2024-09-18,86.6263054054306,98.23895340832046,127.05111373800875,102.77253090943151,90.59412861137,104.0707508469517,101.03906484164251
2024-09-19,88.43373220693363,98.59244173185134,127.1325925274534,102.19431187037209,90.85446608132634,104.60542734157477,99.56079528424418
2024-09-20,88.54281049338788,98.05610786973202,127.69998684821833,102.35906957130764,89.89895521655957,106.88603952821893,99.42351883305027
2024-09-23,89.8915657331353,97.93584222818367,127.51407201728877,102.06857104392309,90.36297640653356,105.44593618135288,99.8735138375462
2024-09-24,90.5400408041091,98.56816673529356,125.50083774514651,100.98430795087683,89.57141806052876,105.55146872925438,98.51913278049754
2024-09-25,88.72439161413587,99.28219096200115,125.90784258640294,100.88656097504077,91.07274243390395,104.82285375015698,97.80357678089719
2024-09-26,88.39440245715751,96.92901716933963,126.33321322929159,101.47334556253837,93.42325992053759,104.4656415710159,96.79788190628435
2024-09-27,88.38391182359211,96.49337233864142,125.8671421022773,100.45005635276098,93.06788639819491,108.16808871910888,97.52203017284444
2024-09-30,88.54386360718209,96.10927924794494,125.75282276923605,101.22159679274523,94.50900083386472,109.04415566621704,99.0224797682086
2024-10-01,88.63220365276571,96.12115572475547,121.13833728794698,100.51774377399487,94.27576396723401,109.6796345018032,98.89059846138476
2024-10-02,87.43003375229712,95.44569741999855,122.98604588181918,100.1421418038119,92.97677441506843,110.68521125267297,99.40653411929263
2024-10-03,86.2170086788728,95.23655396847252,124.40348109762125,100.66383890785518,92.4362338745279,111.53518050632786,99.90228794085323
2024-10-04,86.22446148418568,95.18996163636967,122.50993582086184,100.12821610967745,92.64175700201108,108.46837530440511,101.33280047956839
2024-10-07,85.97714176005289,93.9068453532632,121.60549791166828,100.21308805116678,90.14960514053072,112.56179852254434,100.80327705065442
2024-10-08,86.91765338703675,93.79108233204411,123.8156976241968,99.98691127213708,91.12179329965174,110.09165183719605,100.66000599460484
2024-10-09,86.960750043846,94.55763712925979,122.19841758385428,100.15270182506728,91.3249865110119,113.235771455974,100.40963133180139
2024-10-10,87.54980519420027,93.62161414370928,122.98316649766497,98.1224175361173,92.85647716682199,114.44311599935406,100.52832450794284
2024-10-11,88.05683898173619,93.7506240044478,122.34355410946485,96.60161420520525,93.8318536322166,114.86965017673032,102.82625636926765
2024-10-14,88.04711793132807,93.83539072629875,123.02861407458539,97.17792781041254,94.09145533918672,114.4183231905735,102.90738335498051
2024-10-15,88.88734072160167,92.47873164448093,123.18550160039285,98.12150933867376,93.6472997498406,119.31425048239954,102.18723149165751
2024-10-16,88.59036263163416,92.23774357381458,122.85149303850515,97.38699130035889,96.00419384902143,120.56074156595946,101.20431611549606
2024-10-17,88.59259037235269,92.19839458745884,123.50737005611687,97.22777182304966,99.42831215970962,120.69971178359793,102.38125686881804
2024-10-18,88.68303664552474,93.17474538987145,122.86355532347548,97.53112757698798,98.98501496051404,119.79102271967324,101.66090518533319
2024-10-21,88.11151989028176,92.92449105707821,120.34876346014815,98.17984766857701,100.71111492617844,118.66490724716634,102.31032071135976
2024-10-22,87.31868722074765,93.24006601232935,119.10012241273715,96.48953195599552,99.68337666159807,118.86324971741091,101.75142371865323
2024-10-23,86.44209150019705,92.7315309365907,117.69506076667884,95.78788710357848,98.85135135135134,117.23638475177015,100.67299430512537
2024-10-24,85.74424159402545,92.98987693490321,115.5349000814788,95.55661729574773,98.33766615980772,118.60145722995819,101.26386252372865
2024-10-25,85.68834555417887,93.68954498085081,116.12517383309067,96.20063612998192,99.4906067592093,117.50404922024987,100.75412129083826
2024-10-28,85.94380665802845,92.45745839480932,115.96346139329509,98.39459184449379,97.90601854122725,119.48290682634106,101.18513337995805
2024-10-29,85.1021257101936,92.59488619790257,116.5343576677611,98.24760632098297,100.41288566243193,121.45214090797137,101.6840843241083
2024-10-30,85.17977260032833,93.03255394498059,117.34206383361207,97.08612863744204,101.99600235444154,121.45214090797137,102.22779498451393
2024-10-31,85.04140964951968,92.9637095326998,118.48922604488573,97.48144383448796,103.154215921911,122.67416540391889,102.0389649315616
2024-11-01,85.73038909719389,93.18029209607417,119.148060267845,98.67463719738103,102.76757247265414,124.00628954412221,102.7113597762014
2024-11-04,85.41696623028602,93.7925179501201,117.83871868961565,98.81964605586766,104.20979055280324,121.28903032388867,101.9316615046458
2024-11-05,86.57385223760355,92.78347420879498,118.73903207556127,98.08324039149365,99.61728062000294,124.75105247104379,99.80057947846937
2024-11-06,87.15695324458285,93.11386213237573,119.13498630736103,98.9664535014484,100.3990287928582,124.35811907398859,100.47657108602257
2024-11-07,86.9609525657295,94.06032597666078,122.38168649420973,99.59866576891645,100.74042281846273,125.83769518220267,100.67539214706764
2024-11-08,86.61249341297575,93.76765565525851,122.47592795936491,98.75238602166601,97.8773237847648,127.39116038500622,100.18683185133379
2024-11-11,87.28462303994259,93.32046062458522,123.12153257945351,99.13625080780601,98.59150439005249,122.60027630932943,98.9463482865421
2024-11-12,87.08740722978823,92.87313508317776,123.06480092949634,100.06360943663444,99.60023544415559,121.4443115999354,97.23528824058347
2024-11-13,87.15602164391873,93.13702778769297,123.21997638904993,101.16423789145756,96.81905135625642,123.1696953583621,97.32980317714058
2024-11-14,86.83332327474645,94.26712023497153,123.27569636349345,101.15715038983927,95.10926080345318,123.39821328666194,98.80627435308223
2024-11-15,86.47959855302165,95.92512860201468,122.71880790383169,100.890229380401,98.33803404130083,124.8534859178477,98.73653711659506
2024-11-18,85.65841281979725,97.21235597324791,123.062544114889,102.04077307903327,98.1354539657625,125.14431208926715,98.47317414327105
2024-11-19,86.6652706158164,96.98357065622754,124.06542583367899,101.00961282474515,99.74199244616666,127.70237537943598,98.50294734738735
2024-11-20,86.42641630641398,96.34863593443403,123.52737010280958,101.45340083436632,101.61647128071812,128.04360272133698,100.46618043760616
2024-11-21,86.56291605589442,95.18578529287588,124.85313195283724,100.28668765968025,102.33813214303234,131.06212719037126,101.18673194125287
2024-11-22,86.95317572540301,95.57966668863598,126.0101774556672,101.28563361641194,104.08164516603718,129.1674346456667,100.40883205115396
2024-11-25,87.96659523044764,97.95378745413363,124.77367651441989,101.1075378785113,100.76323147103545,129.02063511999228,100.48556299330602
2024-11-26,87.60659233033425,98.16612841864712,123.42596908786558,102.29781076335063,100.4857261980674,127.9321981924085,100.83265061444699
2024-11-27,86.01067938396085,98.48881620891115,124.17351947125171,102.7951468065552,95.81068818364643,128.83012195778372,99.94924567888899
2024-11-28,86.11574773712172,98.50095370719004,123.386591564027,101.74464728905734,93.29339775347036,128.3779794187065,100.67239484463984
2024-11-29,86.50965280053336,98.99767756148523,121.93413681121437,103.08420290270588,92.57529307892285,128.0264761100083,100.00059946048556
2024-12-02,86.1683224180789,98.5416078008876,124.5497071199388,104.55806489124156,91.69029283366852,126.72403809610802,98.72774502947347
2024-12-03,86.59726376733639,98.85104875163219,123.2005989119041,105.429186509742,91.83033305537843,125.91761936840318,98.84503946448197
2024-12-04,86.63890226658441,98.65586994866361,121.05592464418207,104.77747470892717,91.8806101927699,126.00733018964867,98.82445798781096
2024-12-05,86.43111481411124,99.08929609688073,120.00666149415136,104.5490007245991,92.15480453229999,122.16574971333314,98.8746128484364
2024-12-06,87.41654579485586,99.12668742222375,120.4210593487767,104.73719348113681,92.48933143669986,117.91965498849255,98.2607653112199
2024-12-09,87.22880800884941,99.59652606527756,120.60845278238006,104.14291181278168,93.05672732623731,118.13251430072047,97.77100609451492
2024-12-10,88.46261182752102,98.90279625773522,123.44698081007192,105.76345659234703,91.74191886986804,113.19026360301494,98.79968028774103
2024-12-11,88.52867446591942,99.83699209300717,122.3994297262951,105.95280685543045,90.77990876538972,112.94510839513865,99.23608752123089
2024-12-12,87.96955204994676,100.68309318270654,122.82876925004496,103.5100050413862,90.8063962328935,112.37422135084923,98.45299230692378
2024-12-13,86.64854230823912,100.48484737748467,124.58301459069554,103.87383606038907,90.85520184431253,113.4365605849798,96.82365870716355
2024-12-16,87.53935506501155,100.06943171058462,123.68760393993139,103.6088204848029,89.3982685044391,112.34045745994412,96.09551403736637
2024-12-17,88.2683933412425,99.08655537146291,124.81795677343996,103.59380851529482,91.01339088634914,115.25230760698832,96.27854930562494
2024-12-18,88.88766475661528,98.19275260842015,122.19304792151266,103.31086049214684,92.13861774660323,116.90412849199372,95.7929863123189
2024-12-19,89.87042244849769,97.92487932651241,124.87671177442436,104.10248812264726,90.97893265316134,114.25243972656143,95.24447996802877
2024-12-20,91.2461536031276,98.09513057925233,126.45772713866259,105.18981415609134,90.76016579192621,113.84140105467301,94.79968028774104
2024-12-23,89.70415198214243,98.3038824985758,125.5163241626245,105.50713121975012,93.76023936822484,116.71443088270554,94.78789089819162
2024-12-24,88.45548305722176,99.76449338016928,126.854693045976,105.2461758209704,94.07968313140726,115.53987156672609,95.49525427115594
2024-12-25,88.29411362044726,99.39449544876443,128.9511959950101,105.26209598792204,94.75045372050816,115.54460177366448,95.54421021081026
2024-12-26,89.04688746142465,98.94534275707842,127.06325384417241,105.33460932106186,93.92811595624664,118.23119620409048,95.64571885303228
2024-12-27,89.3002018333091,98.91695667239392,126.23928304890984,104.64578607961256,93.54772649237259,117.33131511170627,95.50544509941052
2024-12-30,89.55578445028878,98.22446671682629,128.37625301848954,105.23572264647309,95.88463236376121,119.52906712163647,95.13477869917074
2024-12-31,89.2722133090091,99.5096711716797,128.56660365744042,105.71806452796257,96.13981949281404,117.93123583996241,95.93765610950145
2025-01-01,88.6979422561505,101.02946867122454,129.3267610741504,107.21938613332087,96.11627507725511,112.78672801799436,96.61764412029173
2025-01-02,88.6695081837068,101.73553174314705,129.52279266021634,108.46895896888604,96.21180163829891,115.09066501816237,98.42701568588271
2025-01-03,88.5270542908514,102.56277403175717,131.00061712206332,107.87065273931044,100.23446313827438,115.98973055762613,99.00949145768809
2025-01-06,88.24388819333873,102.47578862742512,131.89626123640755,108.70993402390768,100.38492666895571,117.0173272373471,98.62603656708961
2025-01-07,88.74188950487046,103.09108148372434,132.15314899567858,107.8576530504126,99.16772943542452,115.12084047621767,97.89289639324606
2025-01-08,88.77692579071632,104.19996593669838,128.95726604809195,108.57767554521674,98.23514985039486,113.39708782363178,98.76990708362474
2025-01-09,89.14150568539684,103.97548747390601,130.03664599995176,108.13987095404715,99.53732770883406,115.57118879886997,98.11309821160955
2025-01-10,89.10241896188094,105.25273077397435,131.26513135828333,107.22369561922949,97.40815225388727,116.11597814970615,98.8672195024478
2025-01-13,89.64732434163174,105.28235671063355,129.4192904730517,107.54428931680225,98.18744788345515,116.0026162937687,98.25756818863023
2025-01-14,88.88252070077432,105.24777136607544,127.70325533833933,105.09147952308592,97.15934173738165,116.50858532559319,98.61144969527425
2025-01-15,87.90089713143955,104.54412274273528,128.58356867759227,103.53450856456901,94.43885809584539,119.41391104927408,97.74462983315017
2025-01-16,87.70052197990255,104.7831531523889,128.96995090260913,103.42591664278937,93.07364987492028,120.88810450821342,98.46997702068138
2025-01-17,88.29338454166665,105.79904870725856,126.04239542971696,103.55454233170612,93.1952960219748,120.09261418964215,97.45469077829952
2025-01-20,88.07376981119694,103.90853546727085,124.89258729786918,103.2710600747678,95.34887428263107,117.56994589621925,97.74003396942751
2025-01-21,89.5957217657154,104.25066935692793,125.44721894292361,101.89508752441225,96.81475940550351,118.76750380455437,97.61994205215306
2025-01-22,88.89349738686015,104.92214708429233,126.55266899455798,101.21495448595223,96.45215088046302,117.1540139068084,97.7580177839944
2025-01-23,88.79490973397131,105.07464887718352,125.75554651100353,101.61717910668631,98.02582528081622,115.0931116769236,97.46767908882006
2025-01-24,87.51112351445136,103.44443929652105,125.6185033895021,102.19260232224305,97.56168146367784,117.60550400354927,97.15795783794586
2025-01-27,88.61887771283126,102.34827964012972,124.38721646820964,102.23071099928606,95.41754549467797,119.33659663241886,97.34099310620442
2025-01-28,88.5736748284336,102.33000813734428,126.45920574133636,103.3323188827248,95.53256977485653,120.1684606112406,96.53411929263662
2025-01-29,86.92385055667191,100.98548655380533,126.80924546905558,103.74861165993738,93.3750674449404,117.95048288888417,95.72924368068738
2025-01-30,86.74068976523259,103.27993051608513,125.88480751316928,103.12013902900156,94.6286849462893,121.4273480991908,95.4762713557798
2025-01-31,84.97255220912896,104.43305810794674,124.23834452531797,102.91844796536171,95.92105263157895,123.51875200829907,95.19112798481366
2025-02-03,85.86615976789372,103.59961655946297,122.45125864107078,101.70541672105462,94.68349928876245,123.03659712175062,94.39964032370865
2025-02-04,85.26855819405566,104.3928608018188,125.21974759474148,101.66089723852771,94.98381321430324,122.14878621258856,95.22130082925368
2025-02-05,85.3375371475765,105.01728940951071,125.04433862491508,102.71584870427827,95.27063815176338,122.40666404602327,94.98970926166449
2025-02-06,84.86197526073681,104.75581115357787,124.53180824546672,103.39183252696678,96.6722666405062,121.59388400553921,94.84903586771904
2025-02-07,84.76346861660137,105.65268091887387,124.2981890230094,104.73218949130079,94.87798597145239,126.01401772359606,93.79338595264261
2025-02-10,85.36362196617155,103.91225502319503,123.44736991603872,104.5066894084055,95.86157845685975,125.36075983434489,95.57198521330803
2025-02-11,85.12124377599622,103.67113644179449,123.37258374922277,105.80931165934975,93.97618580467945,123.37766135306754,97.69027874912578
2025-02-12,85.55131924780133,103.27758132286986,123.50744787731023,105.68358864069376,95.21655957227645,126.61344912009996,97.0702367868918
2025-02-13,83.64275301767734,104.85897988894841,123.61297341550215,107.11934195218642,96.90807867758866,125.59335552724681,98.1762413827555
2025-02-14,82.81472204479054,104.08707415163127,121.84114048515289,107.15396030179933,95.97537646539462,127.2696429998646,98.14726745928665
2025-02-17,82.88961463730963,104.7227919378299,123.23266124356711,107.88003744622713,97.92122430960907,128.74285779529947,99.59676291337797
2025-02-18,82.44248682291366,104.18443515933076,122.50238716510624,109.34903790727091,95.60712709079316,128.73649648252024,99.9440503546808
2025-02-19,83.27849715801041,105.14518992900868,121.62246293182008,109.21898759491329,97.36216706724873,126.88959533895195,100.08372464781696
2025-02-20,83.89116635998104,104.82406826755484,120.6836280551628,109.48601545110968,99.67994310099574,126.90411218093529,97.95224298131681
2025-02-21,84.87347850371974,103.83623252053424,119.25335234245682,110.79474577505657,100.31184087899152,124.69641042537609,97.24647816964732
2025-02-24,84.98243527704386,103.86018124025655,119.71693319128374,110.72196532502159,100.09074410163339,124.75871866849569,97.31421720451593
2025-02-25,84.50683288582749,104.63019457192806,121.08783133345837,109.49611246974678,100.67224211507333,126.39651204326996,97.53521830352683
2025-02-26,84.97218766973866,105.12913710870436,120.12557227760065,111.64278849381508,99.80673958895375,129.9759738109646,96.54550904186232
2025-02-27,84.28154754261972,103.90122686615668,117.58393210256524,111.23858720805681,104.10935890518469,127.87983969491796,95.97662104106304
2025-02-28,84.12143374152295,102.59912127122675,116.22564099371439,111.45192456832574,103.24226222592827,127.48772185078319,96.49595364172245
2025-03-03,84.4432815187845,102.1085314214381,115.68167085214986,112.65208077828603,105.49872467749056,126.54869421821911,95.3751623538815
2025-03-04,83.99696379192254,101.33649517338677,114.0661028780612,112.1069842342266,104.36540442438809,127.2065192038246,95.53701668498351
2025-03-05,85.69709449954615,100.63858902235062,113.32804668026463,111.17227098688471,107.1166674841811,124.30249836481637,96.63542811469677
2025-03-06,86.24544275131649,100.30696124679514,112.65839531142876,111.47881433577199,110.66218668759504,122.60484340568377,97.0146867818963
2025-03-07,85.63941626712474,100.84238153377521,112.71349271632542,109.78643291920123,111.4342473144651,119.4851903745182,97.35238285543011
2025-03-10,86.35512860342125,100.66240723133876,110.84243776444616,109.56454781828712,112.03622406435471,116.91114224710928,95.68248576281347
2025-03-11,87.55936422710155,99.73793444576333,111.6900662024892,109.8582339406206,110.45739932309806,115.80247960709922,95.0404635827755
2025-03-12,86.52581404683684,99.03878844275245,114.00952687049075,109.65355116775493,108.69684112424585,118.99406440584524,96.8278549305625
2025-03-13,87.47904404810463,99.44669974243708,116.05466783190934,108.22687983069774,109.30347770638151,119.75171306890932,96.36726945748825
2025-03-14,86.62087781895274,99.40350068942296,115.32400464748167,109.815851393255,111.94020699465345,119.9790892231206,97.49825157358377
2025-03-17,86.6559546091753,98.87277878887343,116.32906535968566,109.97289831981692,111.0749497228626,122.6581805666788,97.02447796982715
2025-03-18,86.82153650112663,99.43273509387963,117.17677161892209,111.42718954383379,115.1055819885221,123.50929159442225,96.83704665800778
2025-03-19,86.39547096261488,100.13971174094141,117.19474831458751,111.22930934789821,114.10433119144554,124.55026334203798,97.32860425616946
2025-03-20,85.96920290221959,100.8175192389136,117.52260900220001,110.42635596104296,114.61740324716732,123.73389486870414,97.4652812468778
2025-03-21,85.40931090308963,100.7821508299504,118.56728070182265,110.74593461441408,115.13734242409379,122.6051696268519,97.84414027375361
2025-03-24,85.0727600370858,100.08992189585113,119.90837332694161,110.59241363086831,115.0538333251582,120.20450805032286,97.19072834448995
2025-03-25,84.42319134794111,99.95288562496044,118.82930465985524,109.50612044941883,111.50684259577181,119.17593270709742,96.27135577979818
2025-03-26,85.23680276272253,99.4209891278033,119.97833457976945,110.99205612161582,110.52141070289892,118.75429184724366,95.57138575282245
2025-03-27,84.25663735094896,97.34625998651823,122.47802913158554,110.44156381627414,110.96630205523125,119.5049267551922,95.17274452992307
2025-03-28,85.54706628824779,97.20452532919703,123.86161212827736,108.71967488668454,110.89542355422574,119.54015864135408,95.02967329403536
2025-03-31,85.49428908540712,95.55447811693892,126.24558656557177,110.05739629765299,112.10992299014077,118.95866940909927,95.95244280147867
2025-04-01,84.0802002860419,95.03328349998466,122.48417700586072,109.625539509349,113.55324471476919,117.36524211319548,96.07593166150464
2025-04-02,84.65430932139373,94.62582898786968,123.44386796233766,109.09573985948582,113.22362289694412,118.20852383290298,96.53711659506443
2025-04-03,84.42570261929653,95.87605656596241,123.91849942062123,107.46577475741779,111.61782017952615,117.38791448438297,96.70756319312619
2025-04-04,83.64485924526575,94.99484808876818,125.53593510335044,109.18481444012566,114.47282582037572,118.14686803211973,95.81037066640025
2025-04-07,83.45112681150762,95.22180625551,123.93951114282757,108.00588511943418,112.15296512483445,114.74014037296865,95.87451293835548
2025-04-08,82.9632110897743,95.02108074633868,123.27413993962632,108.11732628809554,111.20346299112181,115.45048696664877,96.03456888800079
2025-04-09,83.88245791899044,95.42572927766876,124.6940654336158,109.04726704691052,109.82071908569186,116.91848222339299,96.73034269157759
2025-04-10,83.38757544446466,94.9542592504377,123.20565728947228,109.51007377946722,111.21633884338058,118.1679092974664,95.87231491657508
2025-04-11,82.52734349210104,93.77920585523358,123.64690345580573,109.50895188850754,113.64631873252561,117.90530125709327,94.21120991108003
2025-04-14,82.08876210118885,93.90619279959228,123.7052693508234,107.9334608252594,113.43490950115269,119.72170072143811,94.40643420921171
2025-04-15,81.463009985544,93.964204820936,123.49880972484763,107.2207395255897,113.94552901358708,117.44793917932539,94.75032470776301
2025-04-16,82.22400621499156,94.15364115160062,124.43211929677658,107.4538791516866,114.81777603374701,117.3856309362058,94.64941552602657
2025-04-17,82.3987826004539,93.96740233392347,122.86472264137582,106.76555452844161,118.2297542551626,117.13085220386866,94.72175042461785
2025-04-18,81.4538559964097,93.73861701690309,121.80495363024195,107.0124061551568,115.07357629862167,119.16223141803448,95.50784294135278
2025-04-21,80.79092086295385,94.40304716462167,121.68417513815209,107.71330308026737,116.53185853730317,115.53106359518561,95.17134578879009
2025-04-22,80.53521673284408,95.00065581643928,120.02821796471119,108.68756743588615,117.32734095256781,113.72102544362002,94.98671195923669
2025-04-23,79.36690849129704,94.4220364764451,121.89187990322156,107.57404613892322,116.74596556629224,116.9957966402482,95.10200819262664
2025-04-24,78.68765009403091,94.35227848902503,120.81358944806877,109.73495058960711,117.44984548977291,112.70044251901462,94.13288040763314
2025-04-25,78.9344027568899,93.47263614064097,122.03826156792586,110.53720947253494,118.93191739834208,114.25488638532264,94.05535018483366
2025-04-28,80.15427306997658,93.95311140853057,120.84767513075907,110.59257390100541,120.1340314906558,113.10038967118537,94.05115396143471
2025-04-29,78.99467326942013,94.35430140540484,121.95273607642665,111.71799080369954,124.39655172413792,113.6541501041461,95.46807872914377
2025-04-30,80.81684366404211,95.4999898854181,119.70759464808091,114.13187276189431,124.75535880708296,116.31448373053476,95.26646018583274
2025-05-01,81.10393868609474,96.1237659394391,121.82510931932138,112.75102087625382,124.91734929121499,116.95501899422752,95.48386452193026
2025-05-02,80.39223628309158,96.31039628931882,123.57484103075727,112.58531936228869,124.66988767351744,119.73165046706713,96.31032071135978
2025-05-05,81.44279830157049,98.41325049381999,122.84308834962263,110.30522735298376,125.8701623583656,118.91071489737897,95.65091417724048
2025-05-06,81.76124371118921,98.74057141514747,121.71724914532875,110.54981738998654,125.91651542649727,118.34145895893037,96.86841842341892
2025-05-07,82.3688498660723,99.23820884458195,122.46861276718934,110.96386638527977,126.05275420611173,119.92167429752347,98.43780597462283
2025-05-08,82.96697799680744,97.82438606119257,120.33304357909007,110.98279606925023,126.19831265021828,119.19860507828493,98.46358277550205
2025-05-09,83.74065209616226,98.52411936250726,120.46432793228313,110.40092643262358,126.04098199833227,120.43025309869331,98.04675791787392
2025-05-12,82.92667614199051,100.54122801465113,119.38611529832366,108.47930529662528,124.94763820081425,122.80367520768054,99.5152362873414
2025-05-13,83.51633885799531,100.82541513833159,119.10354654524487,108.89340771529757,125.88291558346005,124.60327428186488,100.26775901688481
2025-05-14,83.5926491036989,101.52312552326647,118.26899206768577,110.35706583843809,125.42858193947121,121.64934160412734,100.39204715755818
2025-05-15,84.03127099898781,102.49836698443855,117.2233086925495,109.8399987605776,126.75724726541422,121.10275803686625,101.71565590968127
2025-05-16,83.60759521870136,104.07180439573203,119.72051296617813,110.32401457461012,127.08944425369108,121.7476972863292,102.9607353381956
2025-05-19,83.20546776681955,104.64226681483986,120.925729787696,108.86489743868732,126.42836121057537,121.3868966743383,102.7087621140973
2025-05-20,82.85105447069083,103.34414179730247,118.88292346207811,109.36116501431121,129.69600725952813,121.6449376183571,102.9875112398841
2025-05-21,83.38838553199867,103.587413805817,117.72260946912718,109.03864807509332,129.6002354441556,122.31825810945045,103.56619042861426
2025-05-22,83.37060411062718,104.29830577490422,119.0172428418121,108.3638217589505,130.99205375974884,121.41397303129602,103.64591867319413
2025-05-23,83.04284269436734,104.94583478254629,120.48642915119648,107.69513913139639,129.66902928336685,121.15038632741842,102.43500849235687
2025-05-26,82.85328221140935,104.86485287198659,118.58549086106818,107.37732344953335,125.70768136557611,119.02179320513928,101.64332101109001
2025-05-27,83.74616069139353,104.59945929402829,119.66183578638704,107.79568193073517,124.69907293863736,118.23266419934721,100.48496353282046
2025-05-28,84.12572720545319,104.34000395447525,120.12308199941324,106.61043084352488,120.67665669299063,115.5247022824064,100.97472274952544
2025-05-29,84.48232773792374,104.2622848122701,117.44284227900923,106.29252612269676,120.33231961544122,115.83787460384517,99.9772205015486
2025-05-30,84.70712702861108,104.42405286728822,116.95630417814206,106.3084819052344,123.25550595968018,115.5868474149419,100.19862124088318
2025-06-02,85.49461312042074,104.93872194753338,116.84463076567495,105.33736952897851,121.61683916221122,114.03126177454527,101.8831052053152
2025-06-03,84.79761380615982,105.31237417949532,116.99140153634599,107.07498273979661,117.7521214499436,117.38514160445357,103.2272954341093
2025-06-04,85.45576942316502,104.99059996437057,115.23451027512127,106.32687735541451,120.67260999656644,117.03445384867577,101.62054151263862
2025-06-05,85.5499826033702,104.02292812578102,114.26400217276773,105.75551431666423,119.87725020846615,117.6665073619962,100.53272055150364
2025-06-06,84.93933862023462,104.39540576113532,113.49170464989413,104.90109640800789,119.95217540589591,116.59079305997086,99.89809171745428
2025-06-09,84.9663955438705,104.1978125095844,112.84252025491111,106.63320701078563,121.55662922450581,115.93362051670171,98.92456788889999
2025-06-10,84.81592178442841,105.62873219915154,112.21940595970266,107.20973430950906,122.66934811399422,116.6292871578144,97.54241182935358
2025-06-11,85.09382231297002,106.47137475439511,112.11699326924499,106.38270478650324,124.23627802030705,116.12185013073312,97.58357478269558
2025-06-12,85.76453428675237,106.81990367002709,112.6092123172272,107.48108945940704,126.12056702800804,116.22934000564362,98.24278149665301
2025-06-13,85.01528432654791,106.21152788263954,115.10369284908839,107.72705069647168,122.80681316525236,117.81852642636126,99.12398841043061
2025-06-16,86.26055088382574,105.09272461386767,116.38828728783027,108.02745035677022,120.20662677196252,116.96317452343163,98.76111499650314
2025-06-17,85.12197285477683,105.14486365217324,118.31700774398696,107.75532947177275,122.55125815470645,114.63493404623533,98.57548206614047
2025-06-18,84.64766660361487,105.32085737721712,117.71755109155897,107.1007506162832,121.15747780448325,112.01015852717666,98.93615745828754
2025-06-19,86.06600836253362,103.88295536337127,116.39007717527747,107.47567589033176,119.98552999460439,114.67669035576048,98.8925966630033
2025-06-20,85.06619832806034,104.33628439855107,117.59116947354742,107.01545128776164,117.7255113552754,116.47221166534274,99.65331201918272
2025-06-23,84.69529975061457,104.42816395541492,117.6476676599245,108.80000584095609,117.07926619904842,117.7842732037039,100.08392446797882
2025-06-24,84.19733894345954,102.21757313984683,118.76066636731449,107.64440472910873,116.53872565850787,117.08028792280302,99.80377660105904
2025-06-25,82.58465718513214,101.5519683955206,117.59241461264112,109.16894769655305,114.93108353362437,114.7481327915887,98.23358976920771
2025-06-26,82.54949938615617,100.94555026914576,118.58875935118915,109.11810644750734,113.13950066218669,114.33888833612525,99.59236686981716
2025-06-27,82.88961463730963,99.98955914126547,118.42019864637818,109.46275847343763,113.80806396232894,114.2705450013946,99.04266160455589
2025-06-30,83.22908181843589,100.35511970770816,117.84821287520515,110.32691724487087,112.46774905577081,112.35024409498908,99.4067339394545
2025-07-01,82.86401587123497,101.8841182140128,117.41116905331297,109.7720086068625,111.49617403247167,109.87569342387059,97.79098811070037
2025-07-02,81.5680378343282,102.32028508764775,118.18206579470613,110.66896933302158,107.81674596556627,107.0153862213965,97.83175142371864
2025-07-03,81.1385294237969,102.90047055645208,119.36269111912323,108.1134441892192,111.2555795359788,108.22354631769701,97.96882805475072
2025-07-04,80.57487051763378,102.29738045379888,118.92058891966286,107.48456197904413,113.0166282434885,106.28122548244035,98.1478669197722
2025-07-07,80.77650130484851,102.77420142113138,119.49226340606245,106.66718427985016,112.23733261392064,106.89370572567083,100.84344090318713
2025-07-08,80.4329431816755,102.66887925864683,120.06160325666131,105.54892610994638,110.75599646833767,106.31890402736343,100.33549805175342
2025-07-09,80.72801756593807,102.71847333763584,121.20907675270838,105.4033830176694,110.87175651150243,107.40456807501782,101.11639524428016
2025-07-10,79.48927221330902,102.26064168212676,122.73211532789571,105.81714708827448,110.9396919605631,108.06842815223436,101.63652712558698
2025-07-11,79.92380316655117,100.99553588033731,125.5063630498748,106.52986838794418,108.82768430862804,107.76846778810632,101.08222599660306
2025-07-14,80.27995815087799,101.8074431576811,124.89383243696291,106.81149863440939,104.63420316868593,108.08441298947446,101.85553002297931
2025-07-15,79.57821982454314,101.990614973105,127.18123077330144,106.24104379310265,103.86165203315838,107.99095062479509,101.76061544609851
2025-07-16,79.12781115563442,101.8479014852774,127.44551154594137,106.64236021639317,101.42419188698682,107.04295191010648,102.6020581476671
2025-07-17,78.9345647743967,103.43119245700161,125.87126662552521,106.81440130467014,101.78704566635601,108.8029151123587,104.44559896093514
2025-07-18,79.65234283390492,102.63951434345596,124.97943574965544,107.7554007029448,102.16216216216216,108.1747762530563,104.63862523728645
2025-07-21,79.47635131714156,103.22824826534922,125.76317298795252,108.55226382459038,100.69615441212538,108.12127598147714,104.43340993106204
2025-07-22,79.71095266699044,105.02851333265033,126.94294227924267,108.63747411414688,99.93917692647275,105.83055093861987,105.46068538315517
2025-07-23,79.7254127294725,105.4395568899553,125.49282216223074,107.83683574038304,102.84262029724825,106.381212270483,106.82285942651613
2025-07-24,80.33885151460042,104.49230998126518,124.434609574964,107.27296978249028,104.19666944621571,105.45523348464559,106.04875611949245
2025-07-25,80.46631878807665,105.38311099742177,123.72659235780318,106.80916581352497,103.54748123804384,104.75760951652393,105.68048756119492
2025-07-28,79.6691521502356,104.96338847629372,122.53732888092348,106.56756748574796,107.4470250649924,103.47197189278414,106.3666699970027
2025-07-29,79.5172202332323,104.48630648749283,119.89156394917654,106.87491218532071,105.53281502918526,103.36024114268751,106.29773204116294
2025-07-30,80.19198264468467,103.76627876701289,116.82758792432979,107.60663440013292,104.28165007112375,100.23275880348599,105.46128484364073
2025-07-31,80.42573340262284,105.20940121022603,116.3734234398991,107.61363286278616,104.19127385098348,101.40405590778379,106.01998201618544
2025-08-01,79.64452548920174,104.91098841651979,116.80385246035596,107.68447226338296,101.7979594839849,101.43096915415744,106.70476571086023
2025-08-04,80.8334504584893,104.17314598082406,117.80338786783162,107.87629780969488,104.80048560357089,100.77510149556093,106.4453991407733
2025-08-05,80.45469403196363,105.29234078179846,115.97630189019898,107.44200135374842,105.19497719134743,98.43364906105391,106.55789789189728
2025-08-06,81.0915038424477,103.98175198914672,114.20081136376194,106.62369764931789,103.98513758767842,99.19374438287926,106.07213507842941
2025-08-07,82.06057105500535,104.08603006575783,113.55808612782754,105.03989034673376,104.81250306567911,98.29353706932689,105.10680387651115
2025-08-08,82.80200367050662,103.55726582622104,113.63925363249878,104.45177017476033,105.14555844410654,100.4239244080309,104.70096912778499
2025-08-11,82.23409180478998,104.12224679449325,115.0973115112331,104.94265979689499,104.73377642615391,101.28449584965118,104.82345888700169
2025-08-12,83.00250033517372,103.81123971493844,116.1685980589838,104.34793293371459,102.84899690979546,103.85283510661722,103.52203017284445
2025-08-13,83.19736689147946,102.66718261910246,115.73637915107975,104.18305057822795,100.6366802374062,104.16796475506499,103.18873014287139
2025-08-14,82.33523123341094,102.83710759500693,116.31474626010801,104.66647873509109,104.2538137048119,106.04373647201592,103.32201019082825
2025-08-15,82.3127918087189,102.49999836861583,115.2240044140181,105.20247549692199,102.14548486780792,106.91262655342442,104.47017684084324
2025-08-18,81.67752116454943,103.25833098957806,115.40447176141268,104.25941039465808,105.00539559523226,106.24876647620786,104.23638725147369
2025-08-19,81.97595741207817,103.36424045036642,115.39606707253014,105.23449390875534,103.70812282336783,106.6555642729101,103.15056449195723
2025-08-20,82.54395028654822,105.24300772427782,117.43124692119903,106.34083866513495,105.09822435865992,105.35589913893924,103.01308822060147
2025-08-21,83.34589644083992,104.81421470712414,118.2066572918069,105.34080643302961,105.96397213910826,108.93992800298817,102.55250274752723
2025-08-22,83.33143637835786,105.87598478505862,117.20019579812248,104.63218092575235,107.17368911561289,108.86196114379668,103.10640423618744
2025-08-25,82.74509502124252,105.62305498221465,116.21661373528498,105.79164632868307,108.51106097022614,109.00207313552369,102.85263263063243
2025-08-26,81.9707323474838,105.56863200606092,115.8322548612954,105.70923186262927,105.88414185510375,109.76934532304865,100.47497252472775
2025-08-27,82.46427817757848,106.27502135481888,113.76026558816869,103.71342346094814,104.85382842007162,108.00057414925597,103.85353182136076
2025-08-28,83.16204707499669,105.50879283443865,113.52400044513722,102.49391017998515,102.70858880659245,110.36796116663214,104.0375661904286
2025-08-29,83.57365255102641,106.59157514057638,113.40547876765473,102.32151293584795,103.10516505616324,108.69493590569598,104.17324408032769
2025-09-01,83.02866616252219,107.24889245328204,114.11746486567674,101.32961886514853,101.06685633001422,106.66681890321179,102.81966230392645
2025-09-02,82.63253335839205,107.99750202454777,115.0341985234207,101.01294288203815,98.04789817040272,106.4802203950212,101.55260265760815
2025-09-03,82.2838716837548,108.880146119818,115.24812898395874,101.09393272465108,97.76720459116103,104.44769940676679,101.52262963333001
2025-09-04,81.31504749745734,109.44943394231817,113.097851590315,102.45891786671899,94.50691617207043,107.14228625581283,101.87651113997403
2025-09-05,81.68886239002556,110.11327679173293,111.5321670011681,102.24953383649846,94.97559719429047,106.84689298803909,102.56229393545809
2025-09-08,81.63114365322745,111.35978481390147,110.80204856509394,103.2745504021979,93.1944376318242,101.65051600033274,102.83025277250472
2025-09-09,82.63184478398814,111.4179273459794,111.74586399812607,104.6380574974459,92.04909991661353,102.06024978754846,101.81296832850435
2025-09-10,82.01431505681346,111.30803730779849,112.6521696159602,106.02476814698693,88.87955559915632,103.043643498983,99.64012388850034
2025-09-11,81.95424706616674,111.80319503328352,112.39216900895488,106.34619881083121,91.29923480649433,102.45155207876284,99.60355679888102
2025-09-12,81.15979422156462,111.94819245895928,115.68976425625897,104.5746439465346,89.29771422965615,100.37466501163792,99.18673194125287
2025-09-15,80.94455396377856,112.86281168410399,117.95187070475652,105.05468862272569,88.86484033943199,100.29898170062357,98.13907483265062
2025-09-16,81.50788883492807,114.6545935536833,119.79615516612103,106.08524341205148,86.46784715750233,99.62794475770738,98.90938155659906
2025-09-17,81.58387504561807,113.82415375208572,120.88650790624413,106.06414117733374,85.41190464511699,98.1945289447887,97.59476471175941
2025-09-18,80.97886117084381,113.96999949753368,121.63382482605019,107.76421556048514,87.87781429342228,96.64758816534845,98.17783994405035
2025-09-19,80.02875000658196,113.03573840689462,122.27896251897864,108.64051924675171,88.36758718791387,96.97022090066402,97.01448696173443
2025-09-22,79.84741191209416,112.89478681397848,119.74627178117927,109.24270757520364,87.44248785991073,98.4450668019397,97.17953841542611
2025-09-23,80.02004156559138,112.81119468873517,118.32875874418384,110.35129611350258,87.47179575219504,99.2498544238037,98.03376960735338
2025-09-24,80.59767448171613,112.5051470170793,118.09420566740623,110.73332669696248,86.7787070191789,96.66960809419962,97.79238685183334
2025-09-25,80.14451151519178,113.39575226713458,118.35490666515176,108.38136243506611,86.72818462745867,97.69655233158423,99.31201918273554
2025-09-26,79.67729352995238,113.78356491375526,118.25848620658259,107.96100948104707,87.82680139304459,98.97860152247418,101.05824757718054
2025-09-29,81.11349771899603,113.2800545012826,118.72463515479026,109.16319577941059,87.44641192917055,101.26345458430453,101.3222100109901
2025-09-30,81.13613966557158,114.17849039538879,115.85124323247449,108.4444020223242,87.82655613871584,99.84700227213044,101.8595264262164
2025-10-01,81.81118560766085,114.12622084634904,116.63319058332434,108.2867318230069,88.23122578113504,99.84520805570553,102.87001698471374
2025-10-02,81.0062016251166,113.68411573430886,116.7987162615944,107.34884878850912,87.85586403100014,100.82958043064455,103.41832350884204
2025-10-03,81.25866540509035,112.79364099498773,116.61560299362567,109.10736834832184,86.91936037671066,100.08269706612994,103.87151563592766
2025-10-06,81.79036635803682,111.50145421585562,117.99669571213009,110.79456769712648,86.27875607004462,101.04456018046555,103.44589869117793
2025-10-07,81.86805375254824,111.13060796467857,116.60797651667671,109.99100884530885,87.31017314955609,101.09447201919485,101.97042661604556
2025-10-08,80.7478647105213,111.2368437023024,116.35622495616722,110.19081228288961,88.46985824299797,99.84292450752837,100.78009791187932
2025-10-09,80.18789170263794,112.13847710939606,116.83179026877106,109.58801848947533,86.97466522784127,98.73931829562488,102.97292436806873
2025-10-10,80.46785795439126,110.32953307827185,115.72314954820908,110.24081656566382,86.69348113994211,100.78912900579205,103.31941252872414
2025-10-13,79.45942048768082,112.07994304511561,113.05761803334948,110.7946033127125,85.74643154951684,99.3064537964804,103.14916575082427
2025-10-14,81.16348011984435,111.42895550301775,111.58329552520357,111.64814863951132,86.90942757639672,97.58172248039003,104.35847737036666
2025-10-15,81.96360357718454,111.13067322004567,111.57208927336018,112.03324216336905,86.34215431402365,98.19811737763851,103.72464781696473
2025-10-16,80.9968046097221,110.86586694039117,111.3151236928958,115.0307211141125,89.46546819051356,98.23644836489794,104.31311819362573
2025-10-17,81.20977662241295,110.34656472908256,111.36594093215781,114.0514527686577,89.85137587678423,96.31223280447443,104.43800579478469
2025-10-20,81.29892675553057,110.12410918267,110.56516085251562,112.40175663193375,91.61953695982733,95.61102040350295,104.91677490258766
2025-10-21,82.06624166774343,109.9617538293481,108.91558501693001,112.07054948972659,90.24599009172512,94.4715298631013,104.65980617444299
2025-10-22,80.4435148239943,109.8771828735984,109.16795914698633,110.58851372419893,90.34151665276892,93.60329222402912,103.82675591967228
2025-10-23,80.59378606155289,111.365918818408,109.02414558166285,109.19875794205309,91.30205523127482,97.48548723578125,103.12918373463881
2025-10-24,79.8422678562532,110.75049545137463,109.93379751081132,108.29454944413864,89.9068033550792,97.10674445954123,102.47157558197621
2025-10-27,80.16788254054794,112.47976267928097,109.02788099894398,107.47279102786402,90.01410212390249,95.85193473619309,102.52173044260167
2025-10-28,79.49482131291697,113.03697825886935,106.4942564068243,106.62677839750873,91.5975866974052,99.03944177033704,101.1765411129983
2025-10-29,80.42945980527925,111.661982418899,103.2954162538901,107.17048593371332,91.20603816157355,100.52244320081685,100.12129083824557
2025-10-30,80.6717569867012,110.9572897096854,102.86965650503464,106.74817412246311,90.0694069750331,101.76518274094289,100.29273653711658
2025-10-31,79.5277108667977,110.14942826510124,103.09681656844334,106.63431109395232,92.74439593858833,100.52652096541892,100.23159156758916
2025-11-03,77.92017316431128,110.18172967181118,102.87992890255775,107.53404983582104,91.12816991219894,102.52005852407756,100.45159356579079
2025-11-04,78.27604461800121,111.43195724990392,102.25533600467548,106.86486859006266,91.43204002550645,103.93716327858797,100.46358277550205
2025-11-05,77.86893512778524,112.23074819846246,100.39377523838577,106.67085268521039,90.49676264286065,104.26925642778033,102.77330402637625
2025-11-06,78.27288527661857,111.35267197888858,98.2152487515535,107.07070886947403,89.24927649973023,101.57727934807961,102.94135278249577
2025-11-07,77.88821521109465,112.51976421930765,98.71447170693784,105.30725655099732,90.37671064894296,101.6340418313404,102.65081426715956
2025-11-10,78.69712811817881,111.61584687436581,98.51237006779004,103.1686830727489,90.1633393829401,104.5323537999057,102.79528424418022
2025-11-11,79.38805177593466,110.85627440142882,98.15089062464737,103.5374824660018,90.82074361112473,104.98726921891235,103.77760015985614
2025-11-12,79.7073072730874,111.86584018569066,96.4213146022909,104.04137177703431,87.72833178005591,104.45781226297993,103.78579278649215
2025-11-13,79.16021465699477,112.86516087731924,95.37695418744168,106.00744116438747,88.50345808603521,104.17367362550789,104.46837845938654
2025-11-14,78.81868175265679,113.67511049365034,95.49282994435006,106.21011165664294,87.58117918281258,104.00338617572555,104.88800079928065
2025-11-17,78.68914875596883,113.74793548332367,95.88341451380822,107.03594805751703,85.10202580075538,102.79163764657524,104.67359376561095
2025-11-18,78.05274398925177,113.73233945058898,95.75967881637078,106.90671690363791,87.7424339039584,102.8146362389309,104.8300529523429
2025-11-19,78.51404833549289,112.70065209688333,97.41929358589942,107.24262530319993,88.65416687104528,105.26928741879131,106.37366370266759
2025-11-20,78.3421477607763,112.74287231939108,96.81586805261026,108.88731745008786,89.04976210330112,107.59051414087206,106.65700869217704
2025-11-21,78.26284019119686,112.17625996694163,98.38497677426486,106.92178229652502,90.89861186049934,106.41269261321096,105.78799080827255
2025-11-24,77.96719874566047,112.06591314119107,98.70723433595565,107.36788531923762,91.3334477853534,108.667370216986,105.54480967129582
2025-11-25,77.99283801611183,114.24635597716323,98.90170949815447,109.46567895149137,90.27076077892775,110.07387278353104,103.64851633529824
2025-11-26,78.1421776530063,114.60395538882085,100.07929979603065,109.79492723646737,90.10092215627606,111.27436668237966,103.82775502048156
2025-11-27,77.82944336050232,113.62225364630676,99.4014772018923,111.46234212723702,89.22131750625398,112.13167591231827,105.09041862323909
2025-11-28,77.71578807948093,114.83965777475282,99.0774297527543,110.90273223187384,88.59837151125718,110.59713153726834,103.90808272554699
2025-12-01,77.45684359923513,116.1647332588987,97.70295183568523,110.92860695511848,86.93665080688675,109.98905527980804,104.09891098011789
2025-12-02,77.20036988596803,117.59343426598478,98.86941370291137,111.0186609643739,85.69345661450924,111.5386058285936,105.06184434009391
2025-12-03,77.25014976493286,117.19113492786997,99.33423969083196,108.92471381541047,86.98521116397706,109.53430297138551,106.13248076730942
2025-12-04,75.68489863172165,117.14010523080496,100.71595497888323,107.86392139355239,87.5176583116692,107.8475764213864,107.39254670796284
2025-12-05,76.5956800462074,115.99128449317135,101.03136427555862,106.88064629467019,86.90292833668514,108.46364509746674,105.69207713058246
2025-12-08,77.11247538852811,117.53783669322343,102.44311854424564,107.71389073743674,85.58198852209742,107.21682779273864,106.21860325706865
2025-12-09,77.25063581745324,117.71343888606478,101.59938116587044,108.60160921902322,85.1115907195762,108.71189940644057,104.87161554600858
2025-12-10,77.8192362575738,116.45525015318698,102.8764269488567,108.96859221738899,82.95666356011185,107.52217080614143,104.00599460485563
2025-12-11,76.99606580989109,118.09935912703979,102.45689289546979,109.82008964799157,83.1948055133173,108.03107582847944,104.81586572085124
2025-12-12,75.93878006487992,117.50083690008294,102.52911096290498,109.71781949273077,84.51660371805562,108.68547549181918,105.01628534319111
2025-12-15,74.80858644180796,117.1775618115151,103.4965840387176,110.94422438958891,87.80313435032127,107.95767606564222,105.74562893395942
2025-12-16,75.10993900445912,116.23285986214151,106.49254434057045,111.0100776081427,86.36618923824005,107.6449930759557,104.93695673893495
2025-12-17,75.23266726586141,115.14446559443397,107.6155041607101,111.1240652912046,87.68075244028057,106.59129870278153,106.3644719752223
2025-12-18,75.49051812793631,115.56745088391658,108.87309464535716,110.92128795219105,86.78532888605484,106.65311761414887,107.06723948446397
2025-12-19,76.10744028946048,114.96488282420007,108.23776242279163,111.6504458448097,85.33109334379752,105.14173494203867,107.96603057248475
2025-12-22,74.6776357919355,113.59210566671084,108.51449458636868,111.29388040535521,83.90064747142787,104.86379450676175,106.99750224797681
2025-12-23,73.9818111045989,114.57224128041472,108.4632104199465,112.3143203682509,84.16024917839799,106.19999641156714,108.1644519932061
2025-12-24,73.62217274387584,115.10009194481223,110.38056898187311,111.25586076727726,83.00804434198264,104.40675865016205,107.91887301428716
2025-12-25,74.05982253412392,116.85330789244091,110.26228076797067,110.23969467470414,82.29030754892823,103.6995111575795,107.39414526925766
2025-12-26,74.18546711064864,116.55267641625353,112.10516444785475,110.96728548153784,81.79293177024574,104.64065922773662,108.04376061544609
2025-12-29,75.83889627193668,116.64644837876304,110.44671699622646,110.93788481527709,80.91590229067542,101.3606684924178,108.65700869217704
2025-12-30,75.19884611131657,116.90433758950591,112.3871106313867,110.5517050160457,79.95683523814195,104.45748604181175,107.90428614247179
2025-12-31,75.55714782760852,117.0937739201705,111.30944274578074,111.48039922934994,77.02298033060283,106.28399836236974,109.93565790788288
2026-01-01,76.18366952641068,117.39075109580075,112.52874520329618,110.94217649339267,77.19588463236377,103.83065206718199,111.76641023079227
2026-01-02,77.13969432967079,117.13840859126061,111.44578547654199,110.80361405597594,77.34573502722323,100.53402405228672,112.42241982216005
2026-01-05,77.04693930702683,115.47720271122999,112.34936735260861,112.23728385568634,76.44724579388826,100.66875339473901,112.90818263562794
2026-01-06,76.26593391548924,115.8049804201271,111.1373800872687,113.8298882080178,76.94952665914553,98.99474947029837,113.29543410930162
2026-01-07,76.71330475614542,116.40709169227397,112.60065198595794,115.47894326419339,78.72982783146124,100.59290697314056,111.81496653012289
2026-01-08,76.93344604351225,116.14215490188529,113.82228907927411,115.25141309289488,78.82780693579241,101.30749444200684,111.98401438705166
2026-01-09,77.33375079844252,118.58746927287905,113.08314338477055,116.56926100686329,80.56702800804433,101.59310107473563,112.14027375362174
2026-01-12,78.23104425548703,118.18125461273878,113.94516874358462,115.65741296574723,83.53031343503213,100.77281794738377,111.62953341992208
2026-01-13,78.11617384316463,117.63350106137855,115.32237040242117,114.79526647492422,87.00225633982438,103.43445645844514,111.38295534019382
2026-01-14,77.49147484131399,118.11802216202776,114.13193960764112,112.49818583108701,85.46389856280963,104.76054550703739,109.1243880507543
2026-01-15,77.88898479425195,118.40194826423986,112.80423222777954,114.22912111952608,83.95963113748958,105.85289708863918,108.12928364471975
2026-01-16,78.12293807407359,116.94120687191219,111.44220570164755,113.42054047007943,83.44680433609652,107.96664714776678,109.06823858527324
2026-01-19,77.95727517336887,117.76277194358545,109.91006204683748,113.35251470077831,83.68923824005493,106.34076084563048,110.8032770506544
2026-01-20,77.35120818480041,117.37939666192696,108.5767515410542,112.50415144174562,85.88168931181636,108.60913973846849,109.94205215306224
2026-01-21,77.60513012233537,118.6323649654375,109.85932262876881,113.25441156908202,86.80997694609309,108.25192755932737,110.17624138275552
2026-01-22,78.18859566870499,119.0780591226677,110.66990817877395,112.93809174183187,85.25481924755972,108.9190498482256,111.3060245778799
2026-01-23,77.21304775587527,118.90571969818086,108.51924167916347,111.70353087577479,84.51133074998774,108.74598951851387,110.85383155160355
2026-01-26,77.27757122795904,120.21089229536406,107.93138038454563,112.19734097596321,84.5291116888213,105.66923457096206,111.57438305525027
2026-01-27,77.68881216459845,119.72878564329719,106.51783622841144,110.84476786562382,82.64200225633982,107.36819441476737,111.59876111499652
2026-01-28,78.88020790086475,118.48293017479956,107.69449267196734,110.08595999764223,82.73188796782263,104.41817639104785,112.83464881606552
2026-01-29,78.96097362800538,117.22369735604829,107.18873273634102,108.11508250617618,81.2688232697307,102.93060786421368,111.62333899490457
2026-01-30,80.01088757645708,117.51284388762767,105.29658824106205,106.8209545724981,79.25246480600381,102.28844149468014,110.59826156459187
2026-02-02,80.60050978808515,119.33457797070164,105.58242548426185,107.04447799036917,78.14759405503507,99.27595211725692,110.92836447197523
2026-02-03,81.20803493421482,119.25209518669888,106.42343912086956,105.26013713069085,78.72369647324274,97.65528535381132,111.0798281546608
2026-02-04,80.71242338090843,120.05369211604231,105.28654930711903,103.94772059359072,79.2955069406975,98.11803008085391,111.0820261764412
2026-02-05,82.40566834449298,120.41755604294065,105.02405842192628,103.99918511539184,79.48570167263452,97.66914975345836,111.70506544110299
2026-02-06,82.48712264603752,120.06811355216938,103.96600147704626,103.55520122004751,80.80725462304409,97.34863745573587,110.84923568788089
2026-02-09,82.66408626784167,118.50570429791425,105.59682240503285,105.44492859876354,82.01366066611075,96.03967501847227,109.57498251573583
2026-02-10,82.71678246192893,118.7238529900988,105.12390301300316,107.21949298007895,82.3499043508118,96.19348829926226,109.14916575082425
2026-02-11,83.60083098779239,119.5654514594689,104.28989328379757,106.45683862880703,82.50809339284838,95.78571183905552,108.83205115396144
2026-02-12,84.99300691936268,120.06915763804282,104.29619680045946,107.0363932523423,82.74881051650563,93.42354436037,108.61624537915876
2026-02-13,85.49408656352362,119.79267064767909,104.10763604895577,107.80164754139376,82.62875852258792,93.2097063846376,109.89529423518833
2026-02-16,85.26641146209055,119.33190250065093,105.03993394537108,107.29043922743382,79.91698140972187,91.4841595156268,110.70156858827053
2026-02-17,86.50179495145348,118.77064108830294,106.65184432337198,105.93925512494926,81.42995536371217,92.86782660040026,111.28084723748626
2026-02-18,85.65343078146309,118.18791066018201,108.29838513241666,105.98243902300035,82.01292490312456,92.3775161846477,111.55639924068339
2026-02-19,85.20739658523803,118.28775137183096,107.87721683396927,105.8756100727288,80.5270515524599,96.20376426605945,111.18733140173845
2026-02-20,84.28454486649557,118.19241328051129,108.34492220604407,105.52392396855925,82.43034777063815,97.76505877689897,110.41023079228694
2026-02-23,84.07165386255812,118.73944902283351,110.36687245184231,105.99102237923155,81.73922107225192,97.65006581512068,109.30702367868919
2026-02-24,84.80620073402032,117.85595660779109,112.47839489119431,105.34591726962368,81.67189875901309,98.63133908896215,108.69557398341495
2026-02-25,84.69173536546492,117.88669188569085,111.38049349531558,104.3348798214377,83.07168784029038,95.52147269284156,108.710560495554
2026-02-26,84.77294664074928,117.90900922123593,112.24851108601813,104.48918434787593,83.43294746652278,97.06482503943198,107.66430212808473
2026-02-27,85.06676538933414,117.47499577471497,112.89466045446022,104.89956493780895,85.28057095207731,95.9026621278428,107.88110700369667
2026-03-02,84.94812806997861,117.82724424627116,114.2304612384309,103.8702210784079,84.88301368519154,96.12220897401811,107.7518233589769
2026-03-03,84.21491784294753,117.0248642525226,116.02167164592603,104.77791990375242,87.25033109334379,95.10994468920093,107.4303127185533
2026-03-04,83.12154269829627,118.22967409512013,114.66244668275492,103.20784240957958,86.2633050473341,94.26617363774118,108.59246677989809
2026-03-05,84.05561412938475,118.69748982179411,113.79520730398592,102.73595370258741,88.14894295384313,94.07973824013466,106.31611549605356
2026-03-06,83.65940031650119,119.28478812561136,115.11575513405867,102.55534706587228,85.13427674498453,94.27596027278614,106.01158956938754
2026-03-09,83.23074249788061,119.27147603072486,115.39770131759062,102.03414858003327,83.74491097267867,94.31820591406355,103.88850034968529
2026-03-10,82.25762484765292,119.00745281547542,112.43792787064875,101.57931973874543,84.21236572325502,94.39764076851182,104.16105505045459
2026-03-11,82.20428058353846,118.36220774568159,110.29208628502636,103.32272048229201,83.75594741747192,92.09190955191892,104.91757418323509
2026-03-12,82.60964838555631,117.61398970661841,111.24524026126133,102.60319660569219,83.73056359444745,95.62048081737976,103.72844440003996
2026-03-13,82.40283303812393,116.20577888479882,112.44399792373056,104.8902336542713,83.85870898121351,96.05419186045563,102.66839844140274
2026-03-16,82.67935641785775,116.34960171386697,110.71706782194823,105.34971032953497,82.37246774905577,96.80286944139517,101.19432510740334
2026-03-17,81.39083118626385,117.07295745806854,112.25893912592792,105.48967958259956,81.00811791828126,96.3701370618238,101.30342691577579
2026-03-18,81.54337066891763,115.96270264238558,112.06998926845746,105.98833340248692,81.37575415706087,95.13555305090192,101.05165351183933
2026-03-19,81.30937688471928,117.28151361129076,110.78150377004772,108.43564058816291,80.59670378182174,95.44530005007495,100.85562993306023
2026-03-20,80.3944235194334,115.83591146412813,110.11535435491288,107.5450728596947,82.38877716191692,95.9649703709624,100.58067739034868
2026-03-23,79.37371322658271,116.70478667694222,108.58881382602452,106.54258315215388,82.2118261637318,98.03826900523748,99.77220501548605
2026-03-24,78.85456863041335,115.95467623223341,107.8639872310986,105.89026588637664,83.22031196350616,101.38741862820737,100.82505744829653
2026-03-25,78.11135382233726,117.03954671011803,105.54919583469847,105.97494194214283,83.8759994113896,103.86408973691894,101.11979218703166
2026-03-26,78.3711083901171,117.82920190728387,105.52709461578512,104.42808581005603,83.15826261833521,101.10262754839898,100.12049155759817
2026-03-27,78.68833866843482,120.47132646542347,106.34297200693854,104.50255800042703,80.6751851670182,100.45997184711317,99.55500049955039
2026-03-30,78.83670620028848,119.91502446097435,104.71238454253202,106.12981631795743,82.26651787904056,101.0807707301319,98.84324108302526
2026-03-31,79.11768506145933,117.79468181809283,104.80436919307985,106.32646777617526,81.07875116495806,100.5333716099504,100.12808472374861
2026-04-01,78.14387883682772,116.03996499702109,103.86989230325052,106.10709357407569,80.63520871143376,100.55163999536765,100.8102707563193
2026-04-02,78.50700057394701,115.8994049363075,104.77534188795772,105.58466635051897,80.51417570020112,97.29644206882939,100.74972524727745
2026-04-03,78.97442108106992,116.11076707031462,101.98163886763938,106.47956137268879,80.5198165497621,98.79363412012442,102.33090218803078
2026-04-06,79.18945881697248,115.48555539821761,102.92366441322432,105.7614265039438,81.82027762790014,96.00215958413325,103.70326705964632
2026-04-07,79.1635765202609,115.88557079848425,100.77657768850823,107.55317540551461,81.89924952175406,93.73573801830426,103.5458087721051
2026-04-08,78.72114721356218,116.7921636134768,100.59151889070559,109.45919691483547,81.80654338549076,92.3303772258478,103.22489759216704
2026-04-09,78.97737790056905,117.4080437680798,99.80887114911553,109.76394167662862,83.20191788885074,92.2690476462327,102.9485463083225
2026-04-10,78.76801077740456,117.42585848329561,99.44599092449245,109.80942277997812,84.0659488889979,90.01958958114832,102.13987411329803
2026-04-13,79.4033219259507,116.6707233753208,97.70808803444677,110.8692713888066,83.17040270760779,88.60607325948773,103.76740933160156
2026-04-14,79.6217620294961,117.52445934296982,99.7361861545202,112.00268399056259,81.75258743316819,90.30274955511588,102.90358677190528
2026-04-15,79.55006928273635,118.91850975013068,98.27843956055928,111.26675913659983,80.7694854564183,90.22184670541085,103.74802677590166
2026-04-16,79.36488327246202,118.39085485183443,96.93345587577248,110.80840435229584,80.77733359493794,90.91930756294845,104.43560795284243
2026-04-17,79.29963072159762,117.31662099878561,99.10513409758934,109.5801830605506,79.27686761171336,89.24416186441923,104.20901188929963
2026-04-20,79.23753751211588,118.4874980504959,99.55579662831899,110.03296400564221,79.45958208662384,89.24644541259637,105.94045359176741
2026-04-21,79.22477863345524,118.85638664066023,98.138594876097,110.73888272838181,79.367366459018,89.13340977782707,104.54770706364272
2026-04-22,78.42834107439481,119.2070689834062,98.05361413295128,109.48478671339193,76.31873252562909,88.10091978058364,104.52812468778102
2026-04-23,78.6191571930305,120.95480348019925,97.84334126850102,109.10241778186484,74.71243929955364,88.10695487219469,104.13188130682384
2026-04-24,78.76639060233653,119.24811460930633,95.95150805799547,107.86940619379972,71.45546181390101,85.59488876673717,105.07203516834849
2026-04-27,78.0471543852671,119.09802726499747,95.14878244851934,107.07295265139341,71.13148084563693,86.26347905089212,105.45469077829952
2026-04-28,78.23169232551425,119.52388379063208,95.182945952403,107.65006760728615,72.40802962672291,85.79730900158381,103.9138775102408
2026-04-29,78.26154405114245,121.57029210259971,96.70186000434244,107.01114180185303,70.34531809486437,85.52524054733387,105.11040063942451
2026-04-30,77.76832225606138,121.57916683252405,96.54870789581611,106.78268562531798,68.95570706822976,86.75590990423777,105.61574582875413
2026-05-01,78.19264610637504,121.15650781987692,96.4824820602694,105.31546594357528,68.83823024476382,87.42450018839273,104.70956139474472
2026-05-04,79.09249133915166,121.42953627578486,95.6102621251256,105.54370842659422,67.7537156030804,87.06321024464957,104.44100309721249
2026-05-05,78.75986939768777,122.21671176900124,96.93796950498718,105.55693961680122,66.68121842350517,85.62033401785408,103.30382655609951
2026-05-06,78.86514027273218,123.47476999114484,98.05664915949221,104.93462848224712,67.31103153970666,87.50719725452265,103.20151863323008
2026-05-07,79.71378797335947,125.03045794258965,99.05423903713395,104.81390945342719,66.84688772256831,85.75441091797005,103.39174742731542
2026-05-08,78.33262923225169,123.1456871749059,99.25385039809431,105.0348863568977,65.35696767547947,86.68430435782547,103.14017384354082
2026-05-11,79.59421905333981,122.43264177870469,97.43859324185193,104.33657156177372,63.29830284004512,84.60464441077117,102.78429413527826
2026-05-12,79.68454381338177,123.36018156653341,98.7807753636779,103.04011080721122,65.59572276450679,85.91148641044167,101.38495354181237
2026-05-13,80.21859402017685,123.68273884606324,98.91525038579857,104.74803842708039,66.82996517388531,87.36594348870703,101.73943450894197
2026-05-14,79.14591661201952,124.18363904385225,98.6171173940484,104.2184168551473,66.41438171383724,84.84767918105437,100.07892896393244
2026-05-15,78.303385072274,123.60815196147846,99.21478415902918,104.18324646395105,66.56435473586109,85.52491432616571,100.15805774802678
2026-05-18,77.72409147670453,123.91100212014688,99.54848143614345,105.17042146950264,66.11186049933781,86.09514892811879,98.63223099210711
2026-05-19,77.09112958200699,123.7349431397359,98.34902338293398,108.55112412583769,66.70378182174915,87.12959625237121,98.72694574882604
2026-05-20,75.6697904992124,124.27591013291865,98.03820553666664,107.42164704633711,65.86991710403689,87.70880193644885,98.77270456589069
2026-05-21,74.97100899237668,124.8540074299761,95.89384255371802,107.9043094681008,65.36579683131407,86.46508373281834,99.17574183235088
2026-05-22,74.49799888126913,125.24599642009055,96.05742270215417,107.28840913903059,65.89382940108894,86.24504755489079,99.98441402737535
2026-05-25,73.66356821686367,125.58813030974764,97.66481945094036,106.83491588221854,67.47878550056409,88.61325012518736,100.96453192127086
2026-05-26,74.60241916440282,125.47354188513621,95.65275249669844,106.21326363600585,68.33092166576739,87.15667260932895,99.59236686981716
2026-05-27,75.02856571166797,127.17775105207967,95.86473742740257,105.21832443270158,69.7326727816746,87.67748470430497,99.59256668997901
2026-05-28,74.61343635486534,128.40931559518444,96.70007011689522,105.23429802303224,69.45099818511797,89.35964415794976,101.42691577580176
2026-05-29,75.00458712066134,128.52886342769477,97.71540322662233,103.92829229141599,68.83295727669594,88.05296526886333,101.58597262463782
